Workbook

Sheet By items
A1: BÁO CÁO POST
A2: Mã 10 số | B2: Mã NH | C2: Mã sản phẩm | D2: Tên sản phẩm | E2: Ngành hàng | F2: Giá bán lẻ | G2: Giá khuyến mại MART | H2: Giá khuyến mại Mini | I2: Key | J2: Total KM | K2: Thuế | L2: Áp dụng | M2: Áp dụng Mart | N2: Áp dụng Mini Mart | O2: Note

Sheet Top DS
A1: ='By items'!A1 -> BÁO CÁO POST
A2: ='By items'!#REF! -> #REF! | E2: ='By items'!#REF! -> #REF! | F2: ='By items'!#REF! -> #REF!
A3: ='By items'!#REF! -> #REF! | E3: ='By items'!#REF! -> #REF! | F3: ='By items'!#REF! -> #REF! | G3: ='By items'!#REF! -> #REF!
A4: ='By items'!#REF! -> #REF!
A6: TOP 20 SẢN PHẨM CÓ DOANH SỐ CAO NHẤT
A7: TT | B7: Mã sản phẩm | C7: Tên sản phẩm | D7: Ngành hàng | E7: Giá bán lẻ | F7: Giá khuyến mại MART | G7: Total KM | H7: Áp dụng | I7: Doanh thu thực tế | J7: Doanh thu kế hoạch | K7: % Thực hiện doanh số | L7: Giá trị tồn | M7: Tình trạng
A8: 1 | B8: 216367 | C8: =VLOOKUP(B8,'By items'!$C:$D,2,0) -> #N/A | D8: =VLOOKUP(B8,'By items'!$C:$E,3,0) -> #N/A | E8: =VLOOKUP(B8,'By items'!$C:$F,4,0) -> #N/A | F8: =VLOOKUP(B8,'By items'!$C:$G,5,0) -> #N/A | G8: =VLOOKUP(B8,'By items'!$C:$J,8,0) -> #N/A | H8: =VLOOKUP(B8,'By items'!$C:$L,10,0) -> #N/A | I8: =VLOOKUP(B8,'By items'!$C:$O,17,0) -> #N/A | J8: =VLOOKUP(B8,'By items'!$C:$O,19,0) -> #N/A | K8: =I8/J8 -> #N/A | L8: =VLOOKUP(B8,'By items'!$C:$O,22,0) -> #N/A | M8: =IF((((I8-J8)/2)+L8)<0,"Tồn kho chưa đảm bảo",) -> #N/A
A9: 2 | B9: 300924 | C9: =VLOOKUP(B9,'By items'!$C:$D,2,0) -> #N/A | D9: =VLOOKUP(B9,'By items'!$C:$E,3,0) -> #N/A | E9: =VLOOKUP(B9,'By items'!$C:$F,4,0) -> #N/A | F9: =VLOOKUP(B9,'By items'!$C:$G,5,0) -> #N/A | G9: =VLOOKUP(B9,'By items'!$C:$J,8,0) -> #N/A | H9: =VLOOKUP(B9,'By items'!$C:$L,10,0) -> #N/A | I9: =VLOOKUP(B9,'By items'!$C:$O,17,0) -> #N/A | J9: =VLOOKUP(B9,'By items'!$C:$O,19,0) -> #N/A | K9: =I9/J9 -> #N/A | L9: =VLOOKUP(B9,'By items'!$C:$O,22,0) -> #N/A | M9: =IF((((I9-J9)/2)+L9)<0,"Tồn kho chưa đảm bảo",) -> #N/A
A10: 3 | B10: 253732 | C10: =VLOOKUP(B10,'By items'!$C:$D,2,0) -> #N/A | D10: =VLOOKUP(B10,'By items'!$C:$E,3,0) -> #N/A | E10: =VLOOKUP(B10,'By items'!$C:$F,4,0) -> #N/A | F10: =VLOOKUP(B10,'By items'!$C:$G,5,0) -> #N/A | G10: =VLOOKUP(B10,'By items'!$C:$J,8,0) -> #N/A | H10: =VLOOKUP(B10,'By items'!$C:$L,10,0) -> #N/A | I10: =VLOOKUP(B10,'By items'!$C:$O,17,0) -> #N/A | J10: =VLOOKUP(B10,'By items'!$C:$O,19,0) -> #N/A | K10: =I10/J10 -> #N/A | L10: =VLOOKUP(B10,'By items'!$C:$O,22,0) -> #N/A | M10: =IF((((I10-J10)/2)+L10)<0,"Tồn kho chưa đảm bảo",) -> #N/A
A11: 4 | B11: 290540 | C11: =VLOOKUP(B11,'By items'!$C:$D,2,0) -> #N/A | D11: =VLOOKUP(B11,'By items'!$C:$E,3,0) -> #N/A | E11: =VLOOKUP(B11,'By items'!$C:$F,4,0) -> #N/A | F11: =VLOOKUP(B11,'By items'!$C:$G,5,0) -> #N/A | G11: =VLOOKUP(B11,'By items'!$C:$J,8,0) -> #N/A | H11: =VLOOKUP(B11,'By items'!$C:$L,10,0) -> #N/A | I11: =VLOOKUP(B11,'By items'!$C:$O,17,0) -> #N/A | J11: =VLOOKUP(B11,'By items'!$C:$O,19,0) -> #N/A | K11: =I11/J11 -> #N/A | L11: =VLOOKUP(B11,'By items'!$C:$O,22,0) -> #N/A | M11: =IF((((I11-J11)/2)+L11)<0,"Tồn kho chưa đảm bảo",) -> #N/A
A12: 5 | B12: 003890 | C12: =VLOOKUP(B12,'By items'!$C:$D,2,0) -> #N/A | D12: =VLOOKUP(B12,'By items'!$C:$E,3,0) -> #N/A | E12: =VLOOKUP(B12,'By items'!$C:$F,4,0) -> #N/A | F12: =VLOOKUP(B12,'By items'!$C:$G,5,0) -> #N/A | G12: =VLOOKUP(B12,'By items'!$C:$J,8,0) -> #N/A | H12: =VLOOKUP(B12,'By items'!$C:$L,10,0) -> #N/A | I12: =VLOOKUP(B12,'By items'!$C:$O,17,0) -> #N/A | J12: =VLOOKUP(B12,'By items'!$C:$O,19,0) -> #N/A | K12: =I12/J12 -> #N/A | L12: =VLOOKUP(B12,'By items'!$C:$O,22,0) -> #N/A | M12: =IF((((I12-J12)/2)+L12)<0,"Tồn kho chưa đảm bảo",) -> #N/A
A13: 6 | B13: 307551 | C13: =VLOOKUP(B13,'By items'!$C:$D,2,0) -> #N/A | D13: =VLOOKUP(B13,'By items'!$C:$E,3,0) -> #N/A | E13: =VLOOKUP(B13,'By items'!$C:$F,4,0) -> #N/A | F13: =VLOOKUP(B13,'By items'!$C:$G,5,0) -> #N/A | G13: =VLOOKUP(B13,'By items'!$C:$J,8,0) -> #N/A | H13: =VLOOKUP(B13,'By items'!$C:$L,10,0) -> #N/A | I13: =VLOOKUP(B13,'By items'!$C:$O,17,0) -> #N/A | J13: =VLOOKUP(B13,'By items'!$C:$O,19,0) -> #N/A | K13: =I13/J13 -> #N/A | L13: =VLOOKUP(B13,'By items'!$C:$O,22,0) -> #N/A | M13: =IF((((I13-J13)/2)+L13)<0,"Tồn kho chưa đảm bảo",) -> #N/A
A14: 7 | B14: 320687 | C14: =VLOOKUP(B14,'By items'!$C:$D,2,0) -> #N/A | D14: =VLOOKUP(B14,'By items'!$C:$E,3,0) -> #N/A | E14: =VLOOKUP(B14,'By items'!$C:$F,4,0) -> #N/A | F14: =VLOOKUP(B14,'By items'!$C:$G,5,0) -> #N/A | G14: =VLOOKUP(B14,'By items'!$C:$J,8,0) -> #N/A | H14: =VLOOKUP(B14,'By items'!$C:$L,10,0) -> #N/A | I14: =VLOOKUP(B14,'By items'!$C:$O,17,0) -> #N/A | J14: =VLOOKUP(B14,'By items'!$C:$O,19,0) -> #N/A | K14: =I14/J14 -> #N/A | L14: =VLOOKUP(B14,'By items'!$C:$O,22,0) -> #N/A | M14: =IF((((I14-J14)/2)+L14)<0,"Tồn kho chưa đảm bảo",) -> #N/A
A15: 8 | B15: 222356 | C15: =VLOOKUP(B15,'By items'!$C:$D,2,0) -> #N/A | D15: =VLOOKUP(B15,'By items'!$C:$E,3,0) -> #N/A | E15: =VLOOKUP(B15,'By items'!$C:$F,4,0) -> #N/A | F15: =VLOOKUP(B15,'By items'!$C:$G,5,0) -> #N/A | G15: =VLOOKUP(B15,'By items'!$C:$J,8,0) -> #N/A | H15: =VLOOKUP(B15,'By items'!$C:$L,10,0) -> #N/A | I15: =VLOOKUP(B15,'By items'!$C:$O,17,0) -> #N/A | J15: =VLOOKUP(B15,'By items'!$C:$O,19,0) -> #N/A | K15: =I15/J15 -> #N/A | L15: =VLOOKUP(B15,'By items'!$C:$O,22,0) -> #N/A | M15: =IF((((I15-J15)/2)+L15)<0,"Tồn kho chưa đảm bảo",) -> #N/A
A16: 9 | B16: 270476 | C16: =VLOOKUP(B16,'By items'!$C:$D,2,0) -> #N/A | D16: =VLOOKUP(B16,'By items'!$C:$E,3,0) -> #N/A | E16: =VLOOKUP(B16,'By items'!$C:$F,4,0) -> #N/A | F16: =VLOOKUP(B16,'By items'!$C:$G,5,0) -> #N/A | G16: =VLOOKUP(B16,'By items'!$C:$J,8,0) -> #N/A | H16: =VLOOKUP(B16,'By items'!$C:$L,10,0) -> #N/A | I16: =VLOOKUP(B16,'By items'!$C:$O,17,0) -> #N/A | J16: =VLOOKUP(B16,'By items'!$C:$O,19,0) -> #N/A | K16: =I16/J16 -> #N/A | L16: =VLOOKUP(B16,'By items'!$C:$O,22,0) -> #N/A | M16: =IF((((I16-J16)/2)+L16)<0,"Tồn kho chưa đảm bảo",) -> #N/A
A17: 10 | B17: 282488 | C17: =VLOOKUP(B17,'By items'!$C:$D,2,0) -> #N/A | D17: =VLOOKUP(B17,'By items'!$C:$E,3,0) -> #N/A | E17: =VLOOKUP(B17,'By items'!$C:$F,4,0) -> #N/A | F17: =VLOOKUP(B17,'By items'!$C:$G,5,0) -> #N/A | G17: =VLOOKUP(B17,'By items'!$C:$J,8,0) -> #N/A | H17: =VLOOKUP(B17,'By items'!$C:$L,10,0) -> #N/A | I17: =VLOOKUP(B17,'By items'!$C:$O,17,0) -> #N/A | J17: =VLOOKUP(B17,'By items'!$C:$O,19,0) -> #N/A | K17: =I17/J17 -> #N/A | L17: =VLOOKUP(B17,'By items'!$C:$O,22,0) -> #N/A | M17: =IF((((I17-J17)/2)+L17)<0,"Tồn kho chưa đảm bảo",) -> #N/A
A18: 11 | B18: 317069 | C18: =VLOOKUP(B18,'By items'!$C:$D,2,0) -> #N/A | D18: =VLOOKUP(B18,'By items'!$C:$E,3,0) -> #N/A | E18: =VLOOKUP(B18,'By items'!$C:$F,4,0) -> #N/A | F18: =VLOOKUP(B18,'By items'!$C:$G,5,0) -> #N/A | G18: =VLOOKUP(B18,'By items'!$C:$J,8,0) -> #N/A | H18: =VLOOKUP(B18,'By items'!$C:$L,10,0) -> #N/A | I18: =VLOOKUP(B18,'By items'!$C:$O,17,0) -> #N/A | J18: =VLOOKUP(B18,'By items'!$C:$O,19,0) -> #N/A | K18: =I18/J18 -> #N/A | L18: =VLOOKUP(B18,'By items'!$C:$O,22,0) -> #N/A | M18: =IF((((I18-J18)/2)+L18)<0,"Tồn kho chưa đảm bảo",) -> #N/A
A19: 12 | B19: 290538 | C19: =VLOOKUP(B19,'By items'!$C:$D,2,0) -> #N/A | D19: =VLOOKUP(B19,'By items'!$C:$E,3,0) -> #N/A | E19: =VLOOKUP(B19,'By items'!$C:$F,4,0) -> #N/A | F19: =VLOOKUP(B19,'By items'!$C:$G,5,0) -> #N/A | G19: =VLOOKUP(B19,'By items'!$C:$J,8,0) -> #N/A | H19: =VLOOKUP(B19,'By items'!$C:$L,10,0) -> #N/A | I19: =VLOOKUP(B19,'By items'!$C:$O,17,0) -> #N/A | J19: =VLOOKUP(B19,'By items'!$C:$O,19,0) -> #N/A | K19: =I19/J19 -> #N/A | L19: =VLOOKUP(B19,'By items'!$C:$O,22,0) -> #N/A | M19: =IF((((I19-J19)/2)+L19)<0,"Tồn kho chưa đảm bảo",) -> #N/A
... A27: 20 | B27: 296585 | C27: =VLOOKUP(B27,'By items'!$C:$D,2,0) -> #N/A | D27: =VLOOKUP(B27,'By items'!$C:$E,3,0) -> #N/A | E27: =VLOOKUP(B27,'By items'!$C:$F,4,0) -> #N/A | F27: =VLOOKUP(B27,'By items'!$C:$G,5,0) -> #N/A | G27: =VLOOKUP(B27,'By items'!$C:$J,8,0) -> #N/A | H27: =VLOOKUP(B27,'By items'!$C:$L,10,0) -> #N/A | I27: =VLOOKUP(B27,'By items'!$C:$O,17,0) -> #N/A | J27: =VLOOKUP(B27,'By items'!$C:$O,19,0) -> #N/A | K27: =I27/J27 -> #N/A | L27: =VLOOKUP(B27,'By items'!$C:$O,22,0) -> #N/A | M27: =IF((((I27-J27)/2)+L27)<0,"Tồn kho chưa đảm bảo",) -> #N/A

Sheet Top SL
A1: ='By items'!A1 -> BÁO CÁO POST
A2: ='By items'!#REF! -> #REF! | E2: ='By items'!#REF! -> #REF! | F2: ='By items'!#REF! -> #REF!
A3: ='By items'!#REF! -> #REF! | E3: ='By items'!#REF! -> #REF! | F3: ='By items'!#REF! -> #REF! | G3: ='By items'!#REF! -> #REF!
A4: ='By items'!#REF! -> #REF!
A6: TOP 20 SẢN PHẨM CÓ SỐ LƯỢNG CAO NHẤT
A7: TT | B7: Mã sản phẩm | C7: Tên sản phẩm | D7: Ngành hàng | E7: Giá bán lẻ | F7: Giá khuyến mại MART | G7: Total KM | H7: Áp dụng | I7: Số lượng thực tế | J7: Số lượng kế hoạch | K7: Tồn kho | L7: Tình trạng
A8: 1 | B8: 216367 | C8: =VLOOKUP(B8,'By items'!$C:$D,2,0) -> #N/A | D8: =VLOOKUP(B8,'By items'!$C:$E,3,0) -> #N/A | E8: =VLOOKUP(B8,'By items'!$C:$F,4,0) -> #N/A | F8: =VLOOKUP(B8,'By items'!$C:$G,5,0) -> #N/A | G8: =VLOOKUP(B8,'By items'!$C:$J,8,0) -> #N/A | H8: =VLOOKUP(B8,'By items'!$C:$L,10,0) -> #N/A | I8: =VLOOKUP(B8,'By items'!$C:$O,14,0) -> #N/A | J8: =VLOOKUP(B8,'By items'!$C:$O,16,0) -> #N/A | K8: =VLOOKUP(B8,'By items'!$C:$O,21,0) -> #N/A | L8: =IF((((I8-J8)/2)+K8)<0,"Tồn kho chưa đảm bảo",) -> #N/A
A9: 2 | B9: 300924 | C9: =VLOOKUP(B9,'By items'!$C:$D,2,0) -> #N/A | D9: =VLOOKUP(B9,'By items'!$C:$E,3,0) -> #N/A | E9: =VLOOKUP(B9,'By items'!$C:$F,4,0) -> #N/A | F9: =VLOOKUP(B9,'By items'!$C:$G,5,0) -> #N/A | G9: =VLOOKUP(B9,'By items'!$C:$J,8,0) -> #N/A | H9: =VLOOKUP(B9,'By items'!$C:$L,10,0) -> #N/A | I9: =VLOOKUP(B9,'By items'!$C:$O,14,0) -> #N/A | J9: =VLOOKUP(B9,'By items'!$C:$O,16,0) -> #N/A | K9: =VLOOKUP(B9,'By items'!$C:$O,21,0) -> #N/A | L9: =IF((((I9-J9)/2)+K9)<0,"Tồn kho chưa đảm bảo",) -> #N/A
A10: 3 | B10: 253732 | C10: =VLOOKUP(B10,'By items'!$C:$D,2,0) -> #N/A | D10: =VLOOKUP(B10,'By items'!$C:$E,3,0) -> #N/A | E10: =VLOOKUP(B10,'By items'!$C:$F,4,0) -> #N/A | F10: =VLOOKUP(B10,'By items'!$C:$G,5,0) -> #N/A | G10: =VLOOKUP(B10,'By items'!$C:$J,8,0) -> #N/A | H10: =VLOOKUP(B10,'By items'!$C:$L,10,0) -> #N/A | I10: =VLOOKUP(B10,'By items'!$C:$O,14,0) -> #N/A | J10: =VLOOKUP(B10,'By items'!$C:$O,16,0) -> #N/A | K10: =VLOOKUP(B10,'By items'!$C:$O,21,0) -> #N/A | L10: =IF((((I10-J10)/2)+K10)<0,"Tồn kho chưa đảm bảo",) -> #N/A
A11: 4 | B11: 290540 | C11: =VLOOKUP(B11,'By items'!$C:$D,2,0) -> #N/A | D11: =VLOOKUP(B11,'By items'!$C:$E,3,0) -> #N/A | E11: =VLOOKUP(B11,'By items'!$C:$F,4,0) -> #N/A | F11: =VLOOKUP(B11,'By items'!$C:$G,5,0) -> #N/A | G11: =VLOOKUP(B11,'By items'!$C:$J,8,0) -> #N/A | H11: =VLOOKUP(B11,'By items'!$C:$L,10,0) -> #N/A | I11: =VLOOKUP(B11,'By items'!$C:$O,14,0) -> #N/A | J11: =VLOOKUP(B11,'By items'!$C:$O,16,0) -> #N/A | K11: =VLOOKUP(B11,'By items'!$C:$O,21,0) -> #N/A | L11: =IF((((I11-J11)/2)+K11)<0,"Tồn kho chưa đảm bảo",) -> #N/A
A12: 5 | B12: 003890 | C12: =VLOOKUP(B12,'By items'!$C:$D,2,0) -> #N/A | D12: =VLOOKUP(B12,'By items'!$C:$E,3,0) -> #N/A | E12: =VLOOKUP(B12,'By items'!$C:$F,4,0) -> #N/A | F12: =VLOOKUP(B12,'By items'!$C:$G,5,0) -> #N/A | G12: =VLOOKUP(B12,'By items'!$C:$J,8,0) -> #N/A | H12: =VLOOKUP(B12,'By items'!$C:$L,10,0) -> #N/A | I12: =VLOOKUP(B12,'By items'!$C:$O,14,0) -> #N/A | J12: =VLOOKUP(B12,'By items'!$C:$O,16,0) -> #N/A | K12: =VLOOKUP(B12,'By items'!$C:$O,21,0) -> #N/A | L12: =IF((((I12-J12)/2)+K12)<0,"Tồn kho chưa đảm bảo",) -> #N/A
A13: 6 | B13: 307551 | C13: =VLOOKUP(B13,'By items'!$C:$D,2,0) -> #N/A | D13: =VLOOKUP(B13,'By items'!$C:$E,3,0) -> #N/A | E13: =VLOOKUP(B13,'By items'!$C:$F,4,0) -> #N/A | F13: =VLOOKUP(B13,'By items'!$C:$G,5,0) -> #N/A | G13: =VLOOKUP(B13,'By items'!$C:$J,8,0) -> #N/A | H13: =VLOOKUP(B13,'By items'!$C:$L,10,0) -> #N/A | I13: =VLOOKUP(B13,'By items'!$C:$O,14,0) -> #N/A | J13: =VLOOKUP(B13,'By items'!$C:$O,16,0) -> #N/A | K13: =VLOOKUP(B13,'By items'!$C:$O,21,0) -> #N/A | L13: =IF((((I13-J13)/2)+K13)<0,"Tồn kho chưa đảm bảo",) -> #N/A
A14: 7 | B14: 320687 | C14: =VLOOKUP(B14,'By items'!$C:$D,2,0) -> #N/A | D14: =VLOOKUP(B14,'By items'!$C:$E,3,0) -> #N/A | E14: =VLOOKUP(B14,'By items'!$C:$F,4,0) -> #N/A | F14: =VLOOKUP(B14,'By items'!$C:$G,5,0) -> #N/A | G14: =VLOOKUP(B14,'By items'!$C:$J,8,0) -> #N/A | H14: =VLOOKUP(B14,'By items'!$C:$L,10,0) -> #N/A | I14: =VLOOKUP(B14,'By items'!$C:$O,14,0) -> #N/A | J14: =VLOOKUP(B14,'By items'!$C:$O,16,0) -> #N/A | K14: =VLOOKUP(B14,'By items'!$C:$O,21,0) -> #N/A | L14: =IF((((I14-J14)/2)+K14)<0,"Tồn kho chưa đảm bảo",) -> #N/A
A15: 8 | B15: 222356 | C15: =VLOOKUP(B15,'By items'!$C:$D,2,0) -> #N/A | D15: =VLOOKUP(B15,'By items'!$C:$E,3,0) -> #N/A | E15: =VLOOKUP(B15,'By items'!$C:$F,4,0) -> #N/A | F15: =VLOOKUP(B15,'By items'!$C:$G,5,0) -> #N/A | G15: =VLOOKUP(B15,'By items'!$C:$J,8,0) -> #N/A | H15: =VLOOKUP(B15,'By items'!$C:$L,10,0) -> #N/A | I15: =VLOOKUP(B15,'By items'!$C:$O,14,0) -> #N/A | J15: =VLOOKUP(B15,'By items'!$C:$O,16,0) -> #N/A | K15: =VLOOKUP(B15,'By items'!$C:$O,21,0) -> #N/A | L15: =IF((((I15-J15)/2)+K15)<0,"Tồn kho chưa đảm bảo",) -> #N/A
A16: 9 | B16: 270476 | C16: =VLOOKUP(B16,'By items'!$C:$D,2,0) -> #N/A | D16: =VLOOKUP(B16,'By items'!$C:$E,3,0) -> #N/A | E16: =VLOOKUP(B16,'By items'!$C:$F,4,0) -> #N/A | F16: =VLOOKUP(B16,'By items'!$C:$G,5,0) -> #N/A | G16: =VLOOKUP(B16,'By items'!$C:$J,8,0) -> #N/A | H16: =VLOOKUP(B16,'By items'!$C:$L,10,0) -> #N/A | I16: =VLOOKUP(B16,'By items'!$C:$O,14,0) -> #N/A | J16: =VLOOKUP(B16,'By items'!$C:$O,16,0) -> #N/A | K16: =VLOOKUP(B16,'By items'!$C:$O,21,0) -> #N/A | L16: =IF((((I16-J16)/2)+K16)<0,"Tồn kho chưa đảm bảo",) -> #N/A
A17: 10 | B17: 282488 | C17: =VLOOKUP(B17,'By items'!$C:$D,2,0) -> #N/A | D17: =VLOOKUP(B17,'By items'!$C:$E,3,0) -> #N/A | E17: =VLOOKUP(B17,'By items'!$C:$F,4,0) -> #N/A | F17: =VLOOKUP(B17,'By items'!$C:$G,5,0) -> #N/A | G17: =VLOOKUP(B17,'By items'!$C:$J,8,0) -> #N/A | H17: =VLOOKUP(B17,'By items'!$C:$L,10,0) -> #N/A | I17: =VLOOKUP(B17,'By items'!$C:$O,14,0) -> #N/A | J17: =VLOOKUP(B17,'By items'!$C:$O,16,0) -> #N/A | K17: =VLOOKUP(B17,'By items'!$C:$O,21,0) -> #N/A | L17: =IF((((I17-J17)/2)+K17)<0,"Tồn kho chưa đảm bảo",) -> #N/A
A18: 11 | B18: 317069 | C18: =VLOOKUP(B18,'By items'!$C:$D,2,0) -> #N/A | D18: =VLOOKUP(B18,'By items'!$C:$E,3,0) -> #N/A | E18: =VLOOKUP(B18,'By items'!$C:$F,4,0) -> #N/A | F18: =VLOOKUP(B18,'By items'!$C:$G,5,0) -> #N/A | G18: =VLOOKUP(B18,'By items'!$C:$J,8,0) -> #N/A | H18: =VLOOKUP(B18,'By items'!$C:$L,10,0) -> #N/A | I18: =VLOOKUP(B18,'By items'!$C:$O,14,0) -> #N/A | J18: =VLOOKUP(B18,'By items'!$C:$O,16,0) -> #N/A | K18: =VLOOKUP(B18,'By items'!$C:$O,21,0) -> #N/A | L18: =IF((((I18-J18)/2)+K18)<0,"Tồn kho chưa đảm bảo",) -> #N/A
A19: 12 | B19: 290538 | C19: =VLOOKUP(B19,'By items'!$C:$D,2,0) -> #N/A | D19: =VLOOKUP(B19,'By items'!$C:$E,3,0) -> #N/A | E19: =VLOOKUP(B19,'By items'!$C:$F,4,0) -> #N/A | F19: =VLOOKUP(B19,'By items'!$C:$G,5,0) -> #N/A | G19: =VLOOKUP(B19,'By items'!$C:$J,8,0) -> #N/A | H19: =VLOOKUP(B19,'By items'!$C:$L,10,0) -> #N/A | I19: =VLOOKUP(B19,'By items'!$C:$O,14,0) -> #N/A | J19: =VLOOKUP(B19,'By items'!$C:$O,16,0) -> #N/A | K19: =VLOOKUP(B19,'By items'!$C:$O,21,0) -> #N/A | L19: =IF((((I19-J19)/2)+K19)<0,"Tồn kho chưa đảm bảo",) -> #N/A
... A27: 20 | B27: 296585 | C27: =VLOOKUP(B27,'By items'!$C:$D,2,0) -> #N/A | D27: =VLOOKUP(B27,'By items'!$C:$E,3,0) -> #N/A | E27: =VLOOKUP(B27,'By items'!$C:$F,4,0) -> #N/A | F27: =VLOOKUP(B27,'By items'!$C:$G,5,0) -> #N/A | G27: =VLOOKUP(B27,'By items'!$C:$J,8,0) -> #N/A | H27: =VLOOKUP(B27,'By items'!$C:$L,10,0) -> #N/A | I27: =VLOOKUP(B27,'By items'!$C:$O,14,0) -> #N/A | J27: =VLOOKUP(B27,'By items'!$C:$O,16,0) -> #N/A | K27: =VLOOKUP(B27,'By items'!$C:$O,21,0) -> #N/A | L27: =IF((((I27-J27)/2)+K27)<0,"Tồn kho chưa đảm bảo",) -> #N/A

Sheet Kế hoạch VH
A2: Mã ST | B2: Mã hàng Onpost | C2: Sl dự kiến bán
