Workbook

Sheet Bao_cao_them_BTH KPI_thang
A1: PHỤ LỤC 3: KẾT QUẢ KPI CHI TIẾT CBNV
A2: THÁNG NĂM 2026
A3: STT | B3: Mã nhân viên | C3: Họ và tên | D3: Chức danh công việc | E3: Cấp bậc | F3: Phòng/Ban | G3: Kết quả CBNV tự đánh giá | I3: Kết quả phê duyệt của Trưởng đơn vị | K3: Kêt quả KPI | M3: Sự kiện phát sinh
G4: Điểm đánh giá | H4: Xếp loại | I4: Điểm đánh giá | J4: Xếp loại | K4: Điểm đánh giá | L4: Xếp loại

Sheet Hướng dẫn chấm công
A1: I. BẢNG CHẤM CÔNG
A2: 1. Rà soát lại tổng công đã chấm
A3: 2. Thực hiện xác nhận công trên hệ thống những ngày thiếu và in ký
A4: III. In ký: sheet "BANG CHAM CONG" (Ký nháy các trang đính kèm)
A5: Gửi lại P.Nhân sự bản mềm khớp bản ký (chỉ gửi bản mềm bảng TH công theo BP)
A24: CT | B24: Công tác | E24: Xin phép giờ lẻ thêm số phút (03 ký tự) vào đằng trước các ký hiệu. VD: 120P, 060B, 360KL
A25: CC | B25: Lỗi MCC/Quên CC
A26: LV | B26: Làm việc bên ngoài

Sheet Cong_lam_them
B2: BẢNG CHẤM CÔNG
B4: Từ ngày: 01/07/2025 đến ngày 31/07/2025 (công chuẩn ST/CH:27 công trong đó 4 CN)
B6: Đơn vị: Phút
A7: STT | B7: Mã NV | C7: Tên nhân viên | D7: Mã đơn vị | E7: Tên đơn vị | F7: Lịch tháng 04 năm 2025 | AK7: Thống kê | AU7: Kiểm soát | AX7: Tồn phép | AY7: Tồn bù | AZ7: Công ngày lễ | BA7: Công tính KPI
F8: =IF(WEEKDAY(F9,1)=1,"CN","T"&WEEKDAY(F9,1)) -> T3 | G8: =IF(WEEKDAY(G9,1)=1,"CN","T"&WEEKDAY(G9,1)) -> T4 | H8: =IF(WEEKDAY(H9,1)=1,"CN","T"&WEEKDAY(H9,1)) -> T5 | I8: =IF(WEEKDAY(I9,1)=1,"CN","T"&WEEKDAY(I9,1)) -> T6 | J8: =IF(WEEKDAY(J9,1)=1,"CN","T"&WEEKDAY(J9,1)) -> T7 | K8: =IF(WEEKDAY(K9,1)=1,"CN","T"&WEEKDAY(K9,1)) -> CN | L8: =IF(WEEKDAY(L9,1)=1,"CN","T"&WEEKDAY(L9,1)) -> T2 | M8: =IF(WEEKDAY(M9,1)=1,"CN","T"&WEEKDAY(M9,1)) -> T3 | ... AJ8: =IF(WEEKDAY(AJ9,1)=1,"CN","T"&WEEKDAY(AJ9,1)) -> T5 | AK8: Ngày đi làm | AL8: Nghỉ phép | AM8: Nghỉ bù | AN8: Nghỉ có lương | AO8: Nghỉ ngừng việc | AP8: Ngày đào tạo (tối đa 7 ngày) | AQ8: Tổng công | AR8: Nghỉ không lương | AS8: Nghỉ BH | AT8: Nghỉ TS | AU8: Số lần đi muộn (lần) | AV8: Tổng thời gian đi muộn theo phút | AW8: Địa chỉ email cá nhân của lao động chính chủ
F9: 45839 | G9: =+F9+1 -> 45840 | H9: =+G9+1 -> 45841 | I9: =+H9+1 -> 45842 | J9: =+I9+1 -> 45843 | K9: =+J9+1 -> 45844 | L9: =+K9+1 -> 45845 | M9: =+L9+1 -> 45846 | N9: =+M9+1 -> 45847 | ... AJ9: =+AI9+1 -> 45869
A10: =COUNTA($A$7:A9) -> 1 | B10: BL919 | C10: Đinh Thị Thanh Hoa | D10: U04 | E10: Cửa hàng số 01 Lý Nam Đế | AA10: 120P+60B | AD10: 120P | AE10: 12k | AG10: 100b | AK10: =SUM(F10:AJ10)+(COUNTIF(F10:AJ10,"P?")+COUNTIF(F10:AJ10,"B?")+COUNTIF(F10:AJ10,"R?")+COUNTIF(F10:AJ10,"T7")+COUNTIF(F10:AJ10,"H2"))/2-(COUNTIF(F10:AJ10,"P7")+COUNTIF(F10:AJ10,"B7")+COUNTIF(F10:AJ10,"BP")+COUNTIF(F10:AJ10,"R7")+COUNTIF(F10:AJ10,"BL"))/2+(COUNTIF(F10:AJ10,"B1")/2)+COUNTIF(F10:AJ10,"DS")/2+COUNTIF(F10:AJ10,"DC")/2+(COUNTIF(F10:AJ10,"DT")*4) -> 0 | AL10: {=COUNTIF(F10:AJ10,"P") +(COUNTIF(F10:AJ10,"P?")+COUNTIF(F10:AJ10,"KL")+COUNTIF(F10:AJ10,"BP")+COUNTIF(F10:AJ10,"HP"))/2 +SUMPRODUCT(--(RIGHT(F10:AJ10,1)="P"), IFERROR(VALUE(LEFT(F10:AJ10,LEN(F10:AJ10)-1))/510,0))} -> 0.23529412 | AM10: {=COUNTIF(F10:AJ10,"B") +((COUNTIF(F10:AJ10,"B?")+COUNTIF(F10:AJ10,"PB")+COUNTIF(F10:AJ10,"DB"))/2) -COUNTIF(F10:AJ10,"B1")/2 +SUMPRODUCT(--(RIGHT(F10:AJ10,1)="B"), IFERROR(VALUE(LEFT(F10:AJ10,LEN(F10:AJ10)-1))/510,0))} -> 0.19607843 | AN10: =+COUNTIF(F10:AJ10,"H")++COUNTIF(F10:AJ10,"TN")+(COUNTIF(F10:AJ10,"R")+(COUNTIF(F10:AJ10,"H?")+COUNTIF(F10:AJ10,"PH")+COUNTIF(F10:AJ10,"TN/2"))/2)+(COUNTIF(F10:AJ10,"R7")/2)+(COUNTIF(F10:AJ10,"RC")/2)+(COUNTIF(F10:AJ10,"RS")/2) -> 0 | AO10: =COUNTIF($G10:$AK10,"N")+(COUNTIF($G10:$AK10,"N7")/2) -> 0 | AP10: =COUNTIF(F10:AJ10,"D")+(COUNTIF(F10:AJ10,"D?")/2) -> 0 | AQ10: =SUM(AK10:AP10) -> 0.43137255 | AR10: {=COUNTIF(F10:AJ10,"K") +(COUNTIF(F10:AJ10,"0.5")+COUNTIF(F10:AJ10,"KL")+COUNTIF(F10:AJ10,"BL")+COUNTIF(F10:AJ10,"K7")+COUNTIF(F10:AJ10,"HS")+COUNTIF(F10:AJ10,"HC")+COUNTIF(F10:AJ10,"DK"))/2 +COUNTIF(F10:AJ10,"KL/2")/2 +SUMPRODUCT(--(RIGHT(F10:AJ10,1)="K"), IFERROR(VALUE(LEFT(F10:AJ10,LEN(F10:AJ10)-1))/510,0))} -> 0.023529412 | AS10: =+COUNTIF(F10:AJ10,"O")+COUNTIF(F10:AJ10,"O7")/2 -> 0 | AT10: =+COUNTIF(F10:AJ10,"S")+COUNTIF(F10:AJ10,"S7")/2 -> 0 | AZ10: =SUMIFS('LAM THEM ST'!$DG:$DG,'LAM THEM ST'!$B:$B,Cong_lam_them!$B10) -> 0
A11: =COUNTA($A$7:A10) -> 2 | AK11: =SUM(F11:AJ11)+(COUNTIF(F11:AJ11,"P?")+COUNTIF(F11:AJ11,"B?")+COUNTIF(F11:AJ11,"R?")+COUNTIF(F11:AJ11,"T7")+COUNTIF(F11:AJ11,"H2"))/2-(COUNTIF(F11:AJ11,"P7")+COUNTIF(F11:AJ11,"B7")+COUNTIF(F11:AJ11,"BP")+COUNTIF(F11:AJ11,"R7")+COUNTIF(F11:AJ11,"BL"))/2+(COUNTIF(F11:AJ11,"B1")/2)+COUNTIF(F11:AJ11,"DS")/2+COUNTIF(F11:AJ11,"DC")/2+(COUNTIF(F11:AJ11,"DT")*4) -> 0 | AL11: =COUNTIF(F11:AJ11,"P")+(COUNTIF(F11:AJ11,"P?")+COUNTIF(F11:AJ11,"KL")+COUNTIF(F11:AJ11,"BP")+COUNTIF(F11:AJ11,"HP"))/2 -> 0 | AM11: =+COUNTIF(F11:AJ11,"B")+((COUNTIF(F11:AJ11,"B?")+COUNTIF(F11:AJ11,"PB")+COUNTIF(F11:AJ11,"DB"))/2)-COUNTIF(F11:AJ11,"B1")/2 -> 0 | AN11: =+COUNTIF(F11:AJ11,"H")++COUNTIF(F11:AJ11,"TN")+(COUNTIF(F11:AJ11,"R")+(COUNTIF(F11:AJ11,"H?")+COUNTIF(F11:AJ11,"PH")+COUNTIF(F11:AJ11,"TN/2"))/2)+(COUNTIF(F11:AJ11,"R7")/2)+(COUNTIF(F11:AJ11,"RC")/2)+(COUNTIF(F11:AJ11,"RS")/2) -> 0 | AO11: =COUNTIF($G11:$AK11,"N")+(COUNTIF($G11:$AK11,"N7")/2) -> 0 | AP11: =COUNTIF(F11:AJ11,"D")+(COUNTIF(F11:AJ11,"D?")/2) -> 0 | AQ11: =SUM(AK11:AP11) -> 0 | AR11: =+COUNTIF(F11:AJ11,"K")+(COUNTIF(F11:AJ11,"0.5")+COUNTIF(F11:AJ11,"KL")+COUNTIF(F11:AJ11,"BL")+COUNTIF(F11:AJ11,"K7")+COUNTIF(F11:AJ11,"HS")+COUNTIF(F11:AJ11,"HC")+COUNTIF(F11:AJ11,"DK"))/2+COUNTIF(F11:AJ11,"KL/2")/2 -> 0 | AS11: =+COUNTIF(F11:AJ11,"O")+COUNTIF(F11:AJ11,"O7")/2 -> 0 | AT11: =+COUNTIF(F11:AJ11,"S")+COUNTIF(F11:AJ11,"S7")/2 -> 0 | AZ11: =SUMIFS('LAM THEM ST'!$DG:$DG,'LAM THEM ST'!$B:$B,Cong_lam_them!$B11) -> 0
A12: =COUNTA($A$7:A11) -> 3 | AK12: =SUM(F12:AJ12)+(COUNTIF(F12:AJ12,"P?")+COUNTIF(F12:AJ12,"B?")+COUNTIF(F12:AJ12,"R?")+COUNTIF(F12:AJ12,"T7")+COUNTIF(F12:AJ12,"H2"))/2-(COUNTIF(F12:AJ12,"P7")+COUNTIF(F12:AJ12,"B7")+COUNTIF(F12:AJ12,"BP")+COUNTIF(F12:AJ12,"R7")+COUNTIF(F12:AJ12,"BL"))/2+(COUNTIF(F12:AJ12,"B1")/2)+COUNTIF(F12:AJ12,"DS")/2+COUNTIF(F12:AJ12,"DC")/2+(COUNTIF(F12:AJ12,"DT")*4) -> 0 | AL12: =COUNTIF(F12:AJ12,"P")+(COUNTIF(F12:AJ12,"P?")+COUNTIF(F12:AJ12,"KL")+COUNTIF(F12:AJ12,"BP")+COUNTIF(F12:AJ12,"HP"))/2 -> 0 | AM12: =+COUNTIF(F12:AJ12,"B")+((COUNTIF(F12:AJ12,"B?")+COUNTIF(F12:AJ12,"PB")+COUNTIF(F12:AJ12,"DB"))/2)-COUNTIF(F12:AJ12,"B1")/2 -> 0 | AN12: =+COUNTIF(F12:AJ12,"H")++COUNTIF(F12:AJ12,"TN")+(COUNTIF(F12:AJ12,"R")+(COUNTIF(F12:AJ12,"H?")+COUNTIF(F12:AJ12,"PH")+COUNTIF(F12:AJ12,"TN/2"))/2)+(COUNTIF(F12:AJ12,"R7")/2)+(COUNTIF(F12:AJ12,"RC")/2)+(COUNTIF(F12:AJ12,"RS")/2) -> 0 | AO12: =COUNTIF($G12:$AK12,"N")+(COUNTIF($G12:$AK12,"N7")/2) -> 0 | AP12: =COUNTIF(F12:AJ12,"D")+(COUNTIF(F12:AJ12,"D?")/2) -> 0 | AQ12: =SUM(AK12:AP12) -> 0 | AR12: =+COUNTIF(F12:AJ12,"K")+(COUNTIF(F12:AJ12,"0.5")+COUNTIF(F12:AJ12,"KL")+COUNTIF(F12:AJ12,"BL")+COUNTIF(F12:AJ12,"K7")+COUNTIF(F12:AJ12,"HS")+COUNTIF(F12:AJ12,"HC")+COUNTIF(F12:AJ12,"DK"))/2+COUNTIF(F12:AJ12,"KL/2")/2 -> 0 | AS12: =+COUNTIF(F12:AJ12,"O")+COUNTIF(F12:AJ12,"O7")/2 -> 0 | AT12: =+COUNTIF(F12:AJ12,"S")+COUNTIF(F12:AJ12,"S7")/2 -> 0 | AZ12: =SUMIFS('LAM THEM ST'!$DG:$DG,'LAM THEM ST'!$B:$B,Cong_lam_them!$B12) -> 0
A13: =COUNTA($A$7:A12) -> 4 | AK13: =SUM(F13:AJ13)+(COUNTIF(F13:AJ13,"P?")+COUNTIF(F13:AJ13,"B?")+COUNTIF(F13:AJ13,"R?")+COUNTIF(F13:AJ13,"T7")+COUNTIF(F13:AJ13,"H2"))/2-(COUNTIF(F13:AJ13,"P7")+COUNTIF(F13:AJ13,"B7")+COUNTIF(F13:AJ13,"BP")+COUNTIF(F13:AJ13,"R7")+COUNTIF(F13:AJ13,"BL"))/2+(COUNTIF(F13:AJ13,"B1")/2)+COUNTIF(F13:AJ13,"DS")/2+COUNTIF(F13:AJ13,"DC")/2+(COUNTIF(F13:AJ13,"DT")*4) -> 0 | AL13: =COUNTIF(F13:AJ13,"P")+(COUNTIF(F13:AJ13,"P?")+COUNTIF(F13:AJ13,"KL")+COUNTIF(F13:AJ13,"BP")+COUNTIF(F13:AJ13,"HP"))/2 -> 0 | AM13: =+COUNTIF(F13:AJ13,"B")+((COUNTIF(F13:AJ13,"B?")+COUNTIF(F13:AJ13,"PB")+COUNTIF(F13:AJ13,"DB"))/2)-COUNTIF(F13:AJ13,"B1")/2 -> 0 | AN13: =+COUNTIF(F13:AJ13,"H")++COUNTIF(F13:AJ13,"TN")+(COUNTIF(F13:AJ13,"R")+(COUNTIF(F13:AJ13,"H?")+COUNTIF(F13:AJ13,"PH")+COUNTIF(F13:AJ13,"TN/2"))/2)+(COUNTIF(F13:AJ13,"R7")/2)+(COUNTIF(F13:AJ13,"RC")/2)+(COUNTIF(F13:AJ13,"RS")/2) -> 0 | AO13: =COUNTIF($G13:$AK13,"N")+(COUNTIF($G13:$AK13,"N7")/2) -> 0 | AP13: =COUNTIF(F13:AJ13,"D")+(COUNTIF(F13:AJ13,"D?")/2) -> 0 | AQ13: =SUM(AK13:AP13) -> 0 | AR13: =+COUNTIF(F13:AJ13,"K")+(COUNTIF(F13:AJ13,"0.5")+COUNTIF(F13:AJ13,"KL")+COUNTIF(F13:AJ13,"BL")+COUNTIF(F13:AJ13,"K7")+COUNTIF(F13:AJ13,"HS")+COUNTIF(F13:AJ13,"HC")+COUNTIF(F13:AJ13,"DK"))/2+COUNTIF(F13:AJ13,"KL/2")/2 -> 0 | AS13: =+COUNTIF(F13:AJ13,"O")+COUNTIF(F13:AJ13,"O7")/2 -> 0 | AT13: =+COUNTIF(F13:AJ13,"S")+COUNTIF(F13:AJ13,"S7")/2 -> 0 | AZ13: =SUMIFS('LAM THEM ST'!$DG:$DG,'LAM THEM ST'!$B:$B,Cong_lam_them!$B13) -> 0
A14: =COUNTA($A$7:A13) -> 5 | AK14: =SUM(F14:AJ14)+(COUNTIF(F14:AJ14,"P?")+COUNTIF(F14:AJ14,"B?")+COUNTIF(F14:AJ14,"R?")+COUNTIF(F14:AJ14,"T7")+COUNTIF(F14:AJ14,"H2"))/2-(COUNTIF(F14:AJ14,"P7")+COUNTIF(F14:AJ14,"B7")+COUNTIF(F14:AJ14,"BP")+COUNTIF(F14:AJ14,"R7")+COUNTIF(F14:AJ14,"BL"))/2+(COUNTIF(F14:AJ14,"B1")/2)+COUNTIF(F14:AJ14,"DS")/2+COUNTIF(F14:AJ14,"DC")/2+(COUNTIF(F14:AJ14,"DT")*4) -> 0 | AL14: =COUNTIF(F14:AJ14,"P")+(COUNTIF(F14:AJ14,"P?")+COUNTIF(F14:AJ14,"KL")+COUNTIF(F14:AJ14,"BP")+COUNTIF(F14:AJ14,"HP"))/2 -> 0 | AM14: =+COUNTIF(F14:AJ14,"B")+((COUNTIF(F14:AJ14,"B?")+COUNTIF(F14:AJ14,"PB")+COUNTIF(F14:AJ14,"DB"))/2)-COUNTIF(F14:AJ14,"B1")/2 -> 0 | AN14: =+COUNTIF(F14:AJ14,"H")++COUNTIF(F14:AJ14,"TN")+(COUNTIF(F14:AJ14,"R")+(COUNTIF(F14:AJ14,"H?")+COUNTIF(F14:AJ14,"PH")+COUNTIF(F14:AJ14,"TN/2"))/2)+(COUNTIF(F14:AJ14,"R7")/2)+(COUNTIF(F14:AJ14,"RC")/2)+(COUNTIF(F14:AJ14,"RS")/2) -> 0 | AO14: =COUNTIF($G14:$AK14,"N")+(COUNTIF($G14:$AK14,"N7")/2) -> 0 | AP14: =COUNTIF(F14:AJ14,"D")+(COUNTIF(F14:AJ14,"D?")/2) -> 0 | AQ14: =SUM(AK14:AP14) -> 0 | AR14: =+COUNTIF(F14:AJ14,"K")+(COUNTIF(F14:AJ14,"0.5")+COUNTIF(F14:AJ14,"KL")+COUNTIF(F14:AJ14,"BL")+COUNTIF(F14:AJ14,"K7")+COUNTIF(F14:AJ14,"HS")+COUNTIF(F14:AJ14,"HC")+COUNTIF(F14:AJ14,"DK"))/2+COUNTIF(F14:AJ14,"KL/2")/2 -> 0 | AS14: =+COUNTIF(F14:AJ14,"O")+COUNTIF(F14:AJ14,"O7")/2 -> 0 | AT14: =+COUNTIF(F14:AJ14,"S")+COUNTIF(F14:AJ14,"S7")/2 -> 0 | AZ14: =SUMIFS('LAM THEM ST'!$DG:$DG,'LAM THEM ST'!$B:$B,Cong_lam_them!$B14) -> 0
A15: =COUNTA($A$7:A14) -> 6 | AK15: =SUM(F15:AJ15)+(COUNTIF(F15:AJ15,"P?")+COUNTIF(F15:AJ15,"B?")+COUNTIF(F15:AJ15,"R?")+COUNTIF(F15:AJ15,"T7")+COUNTIF(F15:AJ15,"H2"))/2-(COUNTIF(F15:AJ15,"P7")+COUNTIF(F15:AJ15,"B7")+COUNTIF(F15:AJ15,"BP")+COUNTIF(F15:AJ15,"R7")+COUNTIF(F15:AJ15,"BL"))/2+(COUNTIF(F15:AJ15,"B1")/2)+COUNTIF(F15:AJ15,"DS")/2+COUNTIF(F15:AJ15,"DC")/2+(COUNTIF(F15:AJ15,"DT")*4) -> 0 | AL15: =COUNTIF(F15:AJ15,"P")+(COUNTIF(F15:AJ15,"P?")+COUNTIF(F15:AJ15,"KL")+COUNTIF(F15:AJ15,"BP")+COUNTIF(F15:AJ15,"HP"))/2 -> 0 | AM15: =+COUNTIF(F15:AJ15,"B")+((COUNTIF(F15:AJ15,"B?")+COUNTIF(F15:AJ15,"PB")+COUNTIF(F15:AJ15,"DB"))/2)-COUNTIF(F15:AJ15,"B1")/2 -> 0 | AN15: =+COUNTIF(F15:AJ15,"H")++COUNTIF(F15:AJ15,"TN")+(COUNTIF(F15:AJ15,"R")+(COUNTIF(F15:AJ15,"H?")+COUNTIF(F15:AJ15,"PH")+COUNTIF(F15:AJ15,"TN/2"))/2)+(COUNTIF(F15:AJ15,"R7")/2)+(COUNTIF(F15:AJ15,"RC")/2)+(COUNTIF(F15:AJ15,"RS")/2) -> 0 | AO15: =COUNTIF($G15:$AK15,"N")+(COUNTIF($G15:$AK15,"N7")/2) -> 0 | AP15: =COUNTIF(F15:AJ15,"D")+(COUNTIF(F15:AJ15,"D?")/2) -> 0 | AQ15: =SUM(AK15:AP15) -> 0 | AR15: =+COUNTIF(F15:AJ15,"K")+(COUNTIF(F15:AJ15,"0.5")+COUNTIF(F15:AJ15,"KL")+COUNTIF(F15:AJ15,"BL")+COUNTIF(F15:AJ15,"K7")+COUNTIF(F15:AJ15,"HS")+COUNTIF(F15:AJ15,"HC")+COUNTIF(F15:AJ15,"DK"))/2+COUNTIF(F15:AJ15,"KL/2")/2 -> 0 | AS15: =+COUNTIF(F15:AJ15,"O")+COUNTIF(F15:AJ15,"O7")/2 -> 0 | AT15: =+COUNTIF(F15:AJ15,"S")+COUNTIF(F15:AJ15,"S7")/2 -> 0 | AZ15: =SUMIFS('LAM THEM ST'!$DG:$DG,'LAM THEM ST'!$B:$B,Cong_lam_them!$B15) -> 0
A16: =COUNTA($A$7:A15) -> 7 | AK16: =SUM(F16:AJ16)+(COUNTIF(F16:AJ16,"P?")+COUNTIF(F16:AJ16,"B?")+COUNTIF(F16:AJ16,"R?")+COUNTIF(F16:AJ16,"T7")+COUNTIF(F16:AJ16,"H2"))/2-(COUNTIF(F16:AJ16,"P7")+COUNTIF(F16:AJ16,"B7")+COUNTIF(F16:AJ16,"BP")+COUNTIF(F16:AJ16,"R7")+COUNTIF(F16:AJ16,"BL"))/2+(COUNTIF(F16:AJ16,"B1")/2)+COUNTIF(F16:AJ16,"DS")/2+COUNTIF(F16:AJ16,"DC")/2+(COUNTIF(F16:AJ16,"DT")*4) -> 0 | AL16: =COUNTIF(F16:AJ16,"P")+(COUNTIF(F16:AJ16,"P?")+COUNTIF(F16:AJ16,"KL")+COUNTIF(F16:AJ16,"BP")+COUNTIF(F16:AJ16,"HP"))/2 -> 0 | AM16: =+COUNTIF(F16:AJ16,"B")+((COUNTIF(F16:AJ16,"B?")+COUNTIF(F16:AJ16,"PB")+COUNTIF(F16:AJ16,"DB"))/2)-COUNTIF(F16:AJ16,"B1")/2 -> 0 | AN16: =+COUNTIF(F16:AJ16,"H")++COUNTIF(F16:AJ16,"TN")+(COUNTIF(F16:AJ16,"R")+(COUNTIF(F16:AJ16,"H?")+COUNTIF(F16:AJ16,"PH")+COUNTIF(F16:AJ16,"TN/2"))/2)+(COUNTIF(F16:AJ16,"R7")/2)+(COUNTIF(F16:AJ16,"RC")/2)+(COUNTIF(F16:AJ16,"RS")/2) -> 0 | AO16: =COUNTIF($G16:$AK16,"N")+(COUNTIF($G16:$AK16,"N7")/2) -> 0 | AP16: =COUNTIF(F16:AJ16,"D")+(COUNTIF(F16:AJ16,"D?")/2) -> 0 | AQ16: =SUM(AK16:AP16) -> 0 | AR16: =+COUNTIF(F16:AJ16,"K")+(COUNTIF(F16:AJ16,"0.5")+COUNTIF(F16:AJ16,"KL")+COUNTIF(F16:AJ16,"BL")+COUNTIF(F16:AJ16,"K7")+COUNTIF(F16:AJ16,"HS")+COUNTIF(F16:AJ16,"HC")+COUNTIF(F16:AJ16,"DK"))/2+COUNTIF(F16:AJ16,"KL/2")/2 -> 0 | AS16: =+COUNTIF(F16:AJ16,"O")+COUNTIF(F16:AJ16,"O7")/2 -> 0 | AT16: =+COUNTIF(F16:AJ16,"S")+COUNTIF(F16:AJ16,"S7")/2 -> 0 | AZ16: =SUMIFS('LAM THEM ST'!$DG:$DG,'LAM THEM ST'!$B:$B,Cong_lam_them!$B16) -> 0
A17: =COUNTA($A$7:A16) -> 8 | AK17: =SUM(F17:AJ17)+(COUNTIF(F17:AJ17,"P?")+COUNTIF(F17:AJ17,"B?")+COUNTIF(F17:AJ17,"R?")+COUNTIF(F17:AJ17,"T7")+COUNTIF(F17:AJ17,"H2"))/2-(COUNTIF(F17:AJ17,"P7")+COUNTIF(F17:AJ17,"B7")+COUNTIF(F17:AJ17,"BP")+COUNTIF(F17:AJ17,"R7")+COUNTIF(F17:AJ17,"BL"))/2+(COUNTIF(F17:AJ17,"B1")/2)+COUNTIF(F17:AJ17,"DS")/2+COUNTIF(F17:AJ17,"DC")/2+(COUNTIF(F17:AJ17,"DT")*4) -> 0 | AL17: =COUNTIF(F17:AJ17,"P")+(COUNTIF(F17:AJ17,"P?")+COUNTIF(F17:AJ17,"KL")+COUNTIF(F17:AJ17,"BP")+COUNTIF(F17:AJ17,"HP"))/2 -> 0 | AM17: =+COUNTIF(F17:AJ17,"B")+((COUNTIF(F17:AJ17,"B?")+COUNTIF(F17:AJ17,"PB")+COUNTIF(F17:AJ17,"DB"))/2)-COUNTIF(F17:AJ17,"B1")/2 -> 0 | AN17: =+COUNTIF(F17:AJ17,"H")++COUNTIF(F17:AJ17,"TN")+(COUNTIF(F17:AJ17,"R")+(COUNTIF(F17:AJ17,"H?")+COUNTIF(F17:AJ17,"PH")+COUNTIF(F17:AJ17,"TN/2"))/2)+(COUNTIF(F17:AJ17,"R7")/2)+(COUNTIF(F17:AJ17,"RC")/2)+(COUNTIF(F17:AJ17,"RS")/2) -> 0 | AO17: =COUNTIF($G17:$AK17,"N")+(COUNTIF($G17:$AK17,"N7")/2) -> 0 | AP17: =COUNTIF(F17:AJ17,"D")+(COUNTIF(F17:AJ17,"D?")/2) -> 0 | AQ17: =SUM(AK17:AP17) -> 0 | AR17: =+COUNTIF(F17:AJ17,"K")+(COUNTIF(F17:AJ17,"0.5")+COUNTIF(F17:AJ17,"KL")+COUNTIF(F17:AJ17,"BL")+COUNTIF(F17:AJ17,"K7")+COUNTIF(F17:AJ17,"HS")+COUNTIF(F17:AJ17,"HC")+COUNTIF(F17:AJ17,"DK"))/2+COUNTIF(F17:AJ17,"KL/2")/2 -> 0 | AS17: =+COUNTIF(F17:AJ17,"O")+COUNTIF(F17:AJ17,"O7")/2 -> 0 | AT17: =+COUNTIF(F17:AJ17,"S")+COUNTIF(F17:AJ17,"S7")/2 -> 0 | AZ17: =SUMIFS('LAM THEM ST'!$DG:$DG,'LAM THEM ST'!$B:$B,Cong_lam_them!$B17) -> 0
A18: =COUNTA($A$7:A17) -> 9 | AK18: =SUM(F18:AJ18)+(COUNTIF(F18:AJ18,"P?")+COUNTIF(F18:AJ18,"B?")+COUNTIF(F18:AJ18,"R?")+COUNTIF(F18:AJ18,"T7")+COUNTIF(F18:AJ18,"H2"))/2-(COUNTIF(F18:AJ18,"P7")+COUNTIF(F18:AJ18,"B7")+COUNTIF(F18:AJ18,"BP")+COUNTIF(F18:AJ18,"R7")+COUNTIF(F18:AJ18,"BL"))/2+(COUNTIF(F18:AJ18,"B1")/2)+COUNTIF(F18:AJ18,"DS")/2+COUNTIF(F18:AJ18,"DC")/2+(COUNTIF(F18:AJ18,"DT")*4) -> 0 | AL18: =COUNTIF(F18:AJ18,"P")+(COUNTIF(F18:AJ18,"P?")+COUNTIF(F18:AJ18,"KL")+COUNTIF(F18:AJ18,"BP")+COUNTIF(F18:AJ18,"HP"))/2 -> 0 | AM18: =+COUNTIF(F18:AJ18,"B")+((COUNTIF(F18:AJ18,"B?")+COUNTIF(F18:AJ18,"PB")+COUNTIF(F18:AJ18,"DB"))/2)-COUNTIF(F18:AJ18,"B1")/2 -> 0 | AN18: =+COUNTIF(F18:AJ18,"H")++COUNTIF(F18:AJ18,"TN")+(COUNTIF(F18:AJ18,"R")+(COUNTIF(F18:AJ18,"H?")+COUNTIF(F18:AJ18,"PH")+COUNTIF(F18:AJ18,"TN/2"))/2)+(COUNTIF(F18:AJ18,"R7")/2)+(COUNTIF(F18:AJ18,"RC")/2)+(COUNTIF(F18:AJ18,"RS")/2) -> 0 | AO18: =COUNTIF($G18:$AK18,"N")+(COUNTIF($G18:$AK18,"N7")/2) -> 0 | AP18: =COUNTIF(F18:AJ18,"D")+(COUNTIF(F18:AJ18,"D?")/2) -> 0 | AQ18: =SUM(AK18:AP18) -> 0 | AR18: =+COUNTIF(F18:AJ18,"K")+(COUNTIF(F18:AJ18,"0.5")+COUNTIF(F18:AJ18,"KL")+COUNTIF(F18:AJ18,"BL")+COUNTIF(F18:AJ18,"K7")+COUNTIF(F18:AJ18,"HS")+COUNTIF(F18:AJ18,"HC")+COUNTIF(F18:AJ18,"DK"))/2+COUNTIF(F18:AJ18,"KL/2")/2 -> 0 | AS18: =+COUNTIF(F18:AJ18,"O")+COUNTIF(F18:AJ18,"O7")/2 -> 0 | AT18: =+COUNTIF(F18:AJ18,"S")+COUNTIF(F18:AJ18,"S7")/2 -> 0 | AZ18: =SUMIFS('LAM THEM ST'!$DG:$DG,'LAM THEM ST'!$B:$B,Cong_lam_them!$B18) -> 0
A19: =COUNTA($A$7:A18) -> 10 | AK19: =SUM(F19:AJ19)+(COUNTIF(F19:AJ19,"P?")+COUNTIF(F19:AJ19,"B?")+COUNTIF(F19:AJ19,"R?")+COUNTIF(F19:AJ19,"T7")+COUNTIF(F19:AJ19,"H2"))/2-(COUNTIF(F19:AJ19,"P7")+COUNTIF(F19:AJ19,"B7")+COUNTIF(F19:AJ19,"BP")+COUNTIF(F19:AJ19,"R7")+COUNTIF(F19:AJ19,"BL"))/2+(COUNTIF(F19:AJ19,"B1")/2)+COUNTIF(F19:AJ19,"DS")/2+COUNTIF(F19:AJ19,"DC")/2+(COUNTIF(F19:AJ19,"DT")*4) -> 0 | AL19: =COUNTIF(F19:AJ19,"P")+(COUNTIF(F19:AJ19,"P?")+COUNTIF(F19:AJ19,"KL")+COUNTIF(F19:AJ19,"BP")+COUNTIF(F19:AJ19,"HP"))/2 -> 0 | AM19: =+COUNTIF(F19:AJ19,"B")+((COUNTIF(F19:AJ19,"B?")+COUNTIF(F19:AJ19,"PB")+COUNTIF(F19:AJ19,"DB"))/2)-COUNTIF(F19:AJ19,"B1")/2 -> 0 | AN19: =+COUNTIF(F19:AJ19,"H")++COUNTIF(F19:AJ19,"TN")+(COUNTIF(F19:AJ19,"R")+(COUNTIF(F19:AJ19,"H?")+COUNTIF(F19:AJ19,"PH")+COUNTIF(F19:AJ19,"TN/2"))/2)+(COUNTIF(F19:AJ19,"R7")/2)+(COUNTIF(F19:AJ19,"RC")/2)+(COUNTIF(F19:AJ19,"RS")/2) -> 0 | AO19: =COUNTIF($G19:$AK19,"N")+(COUNTIF($G19:$AK19,"N7")/2) -> 0 | AP19: =COUNTIF(F19:AJ19,"D")+(COUNTIF(F19:AJ19,"D?")/2) -> 0 | AQ19: =SUM(AK19:AP19) -> 0 | AR19: =+COUNTIF(F19:AJ19,"K")+(COUNTIF(F19:AJ19,"0.5")+COUNTIF(F19:AJ19,"KL")+COUNTIF(F19:AJ19,"BL")+COUNTIF(F19:AJ19,"K7")+COUNTIF(F19:AJ19,"HS")+COUNTIF(F19:AJ19,"HC")+COUNTIF(F19:AJ19,"DK"))/2+COUNTIF(F19:AJ19,"KL/2")/2 -> 0 | AS19: =+COUNTIF(F19:AJ19,"O")+COUNTIF(F19:AJ19,"O7")/2 -> 0 | AT19: =+COUNTIF(F19:AJ19,"S")+COUNTIF(F19:AJ19,"S7")/2 -> 0 | AZ19: =SUMIFS('LAM THEM ST'!$DG:$DG,'LAM THEM ST'!$B:$B,Cong_lam_them!$B19) -> 0
A20: =COUNTA($A$7:A19) -> 11 | AK20: =SUM(F20:AJ20)+(COUNTIF(F20:AJ20,"P?")+COUNTIF(F20:AJ20,"B?")+COUNTIF(F20:AJ20,"R?")+COUNTIF(F20:AJ20,"T7")+COUNTIF(F20:AJ20,"H2"))/2-(COUNTIF(F20:AJ20,"P7")+COUNTIF(F20:AJ20,"B7")+COUNTIF(F20:AJ20,"BP")+COUNTIF(F20:AJ20,"R7")+COUNTIF(F20:AJ20,"BL"))/2+(COUNTIF(F20:AJ20,"B1")/2)+COUNTIF(F20:AJ20,"DS")/2+COUNTIF(F20:AJ20,"DC")/2+(COUNTIF(F20:AJ20,"DT")*4) -> 0 | AL20: =COUNTIF(F20:AJ20,"P")+(COUNTIF(F20:AJ20,"P?")+COUNTIF(F20:AJ20,"KL")+COUNTIF(F20:AJ20,"BP")+COUNTIF(F20:AJ20,"HP"))/2 -> 0 | AM20: =+COUNTIF(F20:AJ20,"B")+((COUNTIF(F20:AJ20,"B?")+COUNTIF(F20:AJ20,"PB")+COUNTIF(F20:AJ20,"DB"))/2)-COUNTIF(F20:AJ20,"B1")/2 -> 0 | AN20: =+COUNTIF(F20:AJ20,"H")++COUNTIF(F20:AJ20,"TN")+(COUNTIF(F20:AJ20,"R")+(COUNTIF(F20:AJ20,"H?")+COUNTIF(F20:AJ20,"PH")+COUNTIF(F20:AJ20,"TN/2"))/2)+(COUNTIF(F20:AJ20,"R7")/2)+(COUNTIF(F20:AJ20,"RC")/2)+(COUNTIF(F20:AJ20,"RS")/2) -> 0 | AO20: =COUNTIF($G20:$AK20,"N")+(COUNTIF($G20:$AK20,"N7")/2) -> 0 | AP20: =COUNTIF(F20:AJ20,"D")+(COUNTIF(F20:AJ20,"D?")/2) -> 0 | AQ20: =SUM(AK20:AP20) -> 0 | AR20: =+COUNTIF(F20:AJ20,"K")+(COUNTIF(F20:AJ20,"0.5")+COUNTIF(F20:AJ20,"KL")+COUNTIF(F20:AJ20,"BL")+COUNTIF(F20:AJ20,"K7")+COUNTIF(F20:AJ20,"HS")+COUNTIF(F20:AJ20,"HC")+COUNTIF(F20:AJ20,"DK"))/2+COUNTIF(F20:AJ20,"KL/2")/2 -> 0 | AS20: =+COUNTIF(F20:AJ20,"O")+COUNTIF(F20:AJ20,"O7")/2 -> 0 | AT20: =+COUNTIF(F20:AJ20,"S")+COUNTIF(F20:AJ20,"S7")/2 -> 0 | AZ20: =SUMIFS('LAM THEM ST'!$DG:$DG,'LAM THEM ST'!$B:$B,Cong_lam_them!$B20) -> 0
A21: =COUNTA($A$7:A20) -> 12 | AK21: =SUM(F21:AJ21)+(COUNTIF(F21:AJ21,"P?")+COUNTIF(F21:AJ21,"B?")+COUNTIF(F21:AJ21,"R?")+COUNTIF(F21:AJ21,"T7")+COUNTIF(F21:AJ21,"H2"))/2-(COUNTIF(F21:AJ21,"P7")+COUNTIF(F21:AJ21,"B7")+COUNTIF(F21:AJ21,"BP")+COUNTIF(F21:AJ21,"R7")+COUNTIF(F21:AJ21,"BL"))/2+(COUNTIF(F21:AJ21,"B1")/2)+COUNTIF(F21:AJ21,"DS")/2+COUNTIF(F21:AJ21,"DC")/2+(COUNTIF(F21:AJ21,"DT")*4) -> 0 | AL21: =COUNTIF(F21:AJ21,"P")+(COUNTIF(F21:AJ21,"P?")+COUNTIF(F21:AJ21,"KL")+COUNTIF(F21:AJ21,"BP")+COUNTIF(F21:AJ21,"HP"))/2 -> 0 | AM21: =+COUNTIF(F21:AJ21,"B")+((COUNTIF(F21:AJ21,"B?")+COUNTIF(F21:AJ21,"PB")+COUNTIF(F21:AJ21,"DB"))/2)-COUNTIF(F21:AJ21,"B1")/2 -> 0 | AN21: =+COUNTIF(F21:AJ21,"H")++COUNTIF(F21:AJ21,"TN")+(COUNTIF(F21:AJ21,"R")+(COUNTIF(F21:AJ21,"H?")+COUNTIF(F21:AJ21,"PH")+COUNTIF(F21:AJ21,"TN/2"))/2)+(COUNTIF(F21:AJ21,"R7")/2)+(COUNTIF(F21:AJ21,"RC")/2)+(COUNTIF(F21:AJ21,"RS")/2) -> 0 | AO21: =COUNTIF($G21:$AK21,"N")+(COUNTIF($G21:$AK21,"N7")/2) -> 0 | AP21: =COUNTIF(F21:AJ21,"D")+(COUNTIF(F21:AJ21,"D?")/2) -> 0 | AQ21: =SUM(AK21:AP21) -> 0 | AR21: =+COUNTIF(F21:AJ21,"K")+(COUNTIF(F21:AJ21,"0.5")+COUNTIF(F21:AJ21,"KL")+COUNTIF(F21:AJ21,"BL")+COUNTIF(F21:AJ21,"K7")+COUNTIF(F21:AJ21,"HS")+COUNTIF(F21:AJ21,"HC")+COUNTIF(F21:AJ21,"DK"))/2+COUNTIF(F21:AJ21,"KL/2")/2 -> 0 | AS21: =+COUNTIF(F21:AJ21,"O")+COUNTIF(F21:AJ21,"O7")/2 -> 0 | AT21: =+COUNTIF(F21:AJ21,"S")+COUNTIF(F21:AJ21,"S7")/2 -> 0 | AZ21: =SUMIFS('LAM THEM ST'!$DG:$DG,'LAM THEM ST'!$B:$B,Cong_lam_them!$B21) -> 0
A22: =COUNTA($A$7:A21) -> 13 | AK22: =SUM(F22:AJ22)+(COUNTIF(F22:AJ22,"P?")+COUNTIF(F22:AJ22,"B?")+COUNTIF(F22:AJ22,"R?")+COUNTIF(F22:AJ22,"T7")+COUNTIF(F22:AJ22,"H2"))/2-(COUNTIF(F22:AJ22,"P7")+COUNTIF(F22:AJ22,"B7")+COUNTIF(F22:AJ22,"BP")+COUNTIF(F22:AJ22,"R7")+COUNTIF(F22:AJ22,"BL"))/2+(COUNTIF(F22:AJ22,"B1")/2)+COUNTIF(F22:AJ22,"DS")/2+COUNTIF(F22:AJ22,"DC")/2+(COUNTIF(F22:AJ22,"DT")*4) -> 0 | AL22: =COUNTIF(F22:AJ22,"P")+(COUNTIF(F22:AJ22,"P?")+COUNTIF(F22:AJ22,"KL")+COUNTIF(F22:AJ22,"BP")+COUNTIF(F22:AJ22,"HP"))/2 -> 0 | AM22: =+COUNTIF(F22:AJ22,"B")+((COUNTIF(F22:AJ22,"B?")+COUNTIF(F22:AJ22,"PB")+COUNTIF(F22:AJ22,"DB"))/2)-COUNTIF(F22:AJ22,"B1")/2 -> 0 | AN22: =+COUNTIF(F22:AJ22,"H")++COUNTIF(F22:AJ22,"TN")+(COUNTIF(F22:AJ22,"R")+(COUNTIF(F22:AJ22,"H?")+COUNTIF(F22:AJ22,"PH")+COUNTIF(F22:AJ22,"TN/2"))/2)+(COUNTIF(F22:AJ22,"R7")/2)+(COUNTIF(F22:AJ22,"RC")/2)+(COUNTIF(F22:AJ22,"RS")/2) -> 0 | AO22: =COUNTIF($G22:$AK22,"N")+(COUNTIF($G22:$AK22,"N7")/2) -> 0 | AP22: =COUNTIF(F22:AJ22,"D")+(COUNTIF(F22:AJ22,"D?")/2) -> 0 | AQ22: =SUM(AK22:AP22) -> 0 | AR22: =+COUNTIF(F22:AJ22,"K")+(COUNTIF(F22:AJ22,"0.5")+COUNTIF(F22:AJ22,"KL")+COUNTIF(F22:AJ22,"BL")+COUNTIF(F22:AJ22,"K7")+COUNTIF(F22:AJ22,"HS")+COUNTIF(F22:AJ22,"HC")+COUNTIF(F22:AJ22,"DK"))/2+COUNTIF(F22:AJ22,"KL/2")/2 -> 0 | AS22: =+COUNTIF(F22:AJ22,"O")+COUNTIF(F22:AJ22,"O7")/2 -> 0 | AT22: =+COUNTIF(F22:AJ22,"S")+COUNTIF(F22:AJ22,"S7")/2 -> 0 | AZ22: =SUMIFS('LAM THEM ST'!$DG:$DG,'LAM THEM ST'!$B:$B,Cong_lam_them!$B22) -> 0
A23: =COUNTA($A$7:A22) -> 14 | AK23: =SUM(F23:AJ23)+(COUNTIF(F23:AJ23,"P?")+COUNTIF(F23:AJ23,"B?")+COUNTIF(F23:AJ23,"R?")+COUNTIF(F23:AJ23,"T7")+COUNTIF(F23:AJ23,"H2"))/2-(COUNTIF(F23:AJ23,"P7")+COUNTIF(F23:AJ23,"B7")+COUNTIF(F23:AJ23,"BP")+COUNTIF(F23:AJ23,"R7")+COUNTIF(F23:AJ23,"BL"))/2+(COUNTIF(F23:AJ23,"B1")/2)+COUNTIF(F23:AJ23,"DS")/2+COUNTIF(F23:AJ23,"DC")/2+(COUNTIF(F23:AJ23,"DT")*4) -> 0 | AL23: =COUNTIF(F23:AJ23,"P")+(COUNTIF(F23:AJ23,"P?")+COUNTIF(F23:AJ23,"KL")+COUNTIF(F23:AJ23,"BP")+COUNTIF(F23:AJ23,"HP"))/2 -> 0 | AM23: =+COUNTIF(F23:AJ23,"B")+((COUNTIF(F23:AJ23,"B?")+COUNTIF(F23:AJ23,"PB")+COUNTIF(F23:AJ23,"DB"))/2)-COUNTIF(F23:AJ23,"B1")/2 -> 0 | AN23: =+COUNTIF(F23:AJ23,"H")++COUNTIF(F23:AJ23,"TN")+(COUNTIF(F23:AJ23,"R")+(COUNTIF(F23:AJ23,"H?")+COUNTIF(F23:AJ23,"PH")+COUNTIF(F23:AJ23,"TN/2"))/2)+(COUNTIF(F23:AJ23,"R7")/2)+(COUNTIF(F23:AJ23,"RC")/2)+(COUNTIF(F23:AJ23,"RS")/2) -> 0 | AO23: =COUNTIF($G23:$AK23,"N")+(COUNTIF($G23:$AK23,"N7")/2) -> 0 | AP23: =COUNTIF(F23:AJ23,"D")+(COUNTIF(F23:AJ23,"D?")/2) -> 0 | AQ23: =SUM(AK23:AP23) -> 0 | AR23: =+COUNTIF(F23:AJ23,"K")+(COUNTIF(F23:AJ23,"0.5")+COUNTIF(F23:AJ23,"KL")+COUNTIF(F23:AJ23,"BL")+COUNTIF(F23:AJ23,"K7")+COUNTIF(F23:AJ23,"HS")+COUNTIF(F23:AJ23,"HC")+COUNTIF(F23:AJ23,"DK"))/2+COUNTIF(F23:AJ23,"KL/2")/2 -> 0 | AS23: =+COUNTIF(F23:AJ23,"O")+COUNTIF(F23:AJ23,"O7")/2 -> 0 | AT23: =+COUNTIF(F23:AJ23,"S")+COUNTIF(F23:AJ23,"S7")/2 -> 0 | AZ23: =SUMIFS('LAM THEM ST'!$DG:$DG,'LAM THEM ST'!$B:$B,Cong_lam_them!$B23) -> 0
A24: =COUNTA($A$7:A23) -> 15 | B24: Tổng cộng | C24: =IFERROR(VLOOKUP(B24,#REF!,2,0),"") | D24: U04 | E24: Cửa hàng số 01 Lý Nam Đế | F24: =+IFERROR(IFERROR(IF(VLOOKUP(Cong_lam_them!$B24&Cong_lam_them!F$9,#REF!,17,0)<>0,VLOOKUP(Cong_lam_them!$B24&Cong_lam_them!F$9,#REF!,17,0),INDEX(#REF!,MATCH(Cong_lam_them!$B24,#REF!,0),MATCH(Cong_lam_them!F$9,#REF!,0))),INDEX(#REF!,MATCH(Cong_lam_them!$B24,#REF!,0),MATCH(Cong_lam_them!F$9,#REF!,0))),"") | G24: =+IFERROR(IFERROR(IF(VLOOKUP(Cong_lam_them!$B24&Cong_lam_them!G$9,#REF!,17,0)<>0,VLOOKUP(Cong_lam_them!$B24&Cong_lam_them!G$9,#REF!,17,0),INDEX(#REF!,MATCH(Cong_lam_them!$B24,#REF!,0),MATCH(Cong_lam_them!G$9,#REF!,0))),INDEX(#REF!,MATCH(Cong_lam_them!$B24,#REF!,0),MATCH(Cong_lam_them!G$9,#REF!,0))),"") | H24: =+IFERROR(IFERROR(IF(VLOOKUP(Cong_lam_them!$B24&Cong_lam_them!H$9,#REF!,17,0)<>0,VLOOKUP(Cong_lam_them!$B24&Cong_lam_them!H$9,#REF!,17,0),INDEX(#REF!,MATCH(Cong_lam_them!$B24,#REF!,0),MATCH(Cong_lam_them!H$9,#REF!,0))),INDEX(#REF!,MATCH(Cong_lam_them!$B24,#REF!,0),MATCH(Cong_lam_them!H$9,#REF!,0))),"") | I24: =+IFERROR(IFERROR(IF(VLOOKUP(Cong_lam_them!$B24&Cong_lam_them!I$9,#REF!,17,0)<>0,VLOOKUP(Cong_lam_them!$B24&Cong_lam_them!I$9,#REF!,17,0),INDEX(#REF!,MATCH(Cong_lam_them!$B24,#REF!,0),MATCH(Cong_lam_them!I$9,#REF!,0))),INDEX(#REF!,MATCH(Cong_lam_them!$B24,#REF!,0),MATCH(Cong_lam_them!I$9,#REF!,0))),"") | J24: =+IFERROR(IFERROR(IF(VLOOKUP(Cong_lam_them!$B24&Cong_lam_them!J$9,#REF!,17,0)<>0,VLOOKUP(Cong_lam_them!$B24&Cong_lam_them!J$9,#REF!,17,0),INDEX(#REF!,MATCH(Cong_lam_them!$B24,#REF!,0),MATCH(Cong_lam_them!J$9,#REF!,0))),INDEX(#REF!,MATCH(Cong_lam_them!$B24,#REF!,0),MATCH(Cong_lam_them!J$9,#REF!,0))),"") | K24: =+IFERROR(IFERROR(IF(VLOOKUP(Cong_lam_them!$B24&Cong_lam_them!K$9,#REF!,17,0)<>0,VLOOKUP(Cong_lam_them!$B24&Cong_lam_them!K$9,#REF!,17,0),INDEX(#REF!,MATCH(Cong_lam_them!$B24,#REF!,0),MATCH(Cong_lam_them!K$9,#REF!,0))),INDEX(#REF!,MATCH(Cong_lam_them!$B24,#REF!,0),MATCH(Cong_lam_them!K$9,#REF!,0))),"") | L24: =+IFERROR(IFERROR(IF(VLOOKUP(Cong_lam_them!$B24&Cong_lam_them!L$9,#REF!,17,0)<>0,VLOOKUP(Cong_lam_them!$B24&Cong_lam_them!L$9,#REF!,17,0),INDEX(#REF!,MATCH(Cong_lam_them!$B24,#REF!,0),MATCH(Cong_lam_them!L$9,#REF!,0))),INDEX(#REF!,MATCH(Cong_lam_them!$B24,#REF!,0),MATCH(Cong_lam_them!L$9,#REF!,0))),"") | M24: =+IFERROR(IFERROR(IF(VLOOKUP(Cong_lam_them!$B24&Cong_lam_them!M$9,#REF!,17,0)<>0,VLOOKUP(Cong_lam_them!$B24&Cong_lam_them!M$9,#REF!,17,0),INDEX(#REF!,MATCH(Cong_lam_them!$B24,#REF!,0),MATCH(Cong_lam_them!M$9,#REF!,0))),INDEX(#REF!,MATCH(Cong_lam_them!$B24,#REF!,0),MATCH(Cong_lam_them!M$9,#REF!,0))),"") | ... AJ24: =+IFERROR(IFERROR(IF(VLOOKUP(Cong_lam_them!$B24&Cong_lam_them!AJ$9,#REF!,17,0)<>0,VLOOKUP(Cong_lam_them!$B24&Cong_lam_them!AJ$9,#REF!,17,0),INDEX(#REF!,MATCH(Cong_lam_them!$B24,#REF!,0),MATCH(Cong_lam_them!AJ$9,#REF!,0))),INDEX(#REF!,MATCH(Cong_lam_them!$B24,#REF!,0),MATCH(Cong_lam_them!AJ$9,#REF!,0))),"") | AK24: =SUM(AK10:AK23) -> 0 | AL24: =SUM(AL10:AL23) -> 0.23529412 | AM24: =SUM(AM10:AM23) -> 0.19607843 | AN24: =SUM(AN10:AN23) -> 0 | AO24: =SUM(AO10:AO23) -> 0 | AP24: =SUM(AP10:AP23) -> 0 | AQ24: =SUM(AK24:AP24) -> 0.43137255 | AR24: =SUM(AR10:AR23) -> 0.023529412 | AS24: =SUM(AS10:AS23) -> 0 | AT24: =SUM(AT10:AT23) -> 0 | AZ24: =SUMIFS('LAM THEM ST'!$DG:$DG,'LAM THEM ST'!$B:$B,Cong_lam_them!$B24) -> 0
E27: TRƯỞNG ĐƠN VỊ | Q27: BAN VẬN HÀNH ST/CH | AG27: PHÒNG NHÂN SỰ

Sheet LAM THEM ST
DE1: Quầy Fresh
B2: Công ty TNHH Xuất-Nhập khẩu và Bán lẻ Hàng tiêu dùng Hà Nội | DE2: Thu ngân
B3: Siêu thị/Cửa hàng: | DE3: Bán hàng
AK4: BẢNG CHẤM THÊM GIỜ THÁNG ……. | DE4: an ninh
DE5: GĐST/PGĐ
A6: STT | B6: Mã nhân viên | C6: Họ tên | D6: Đơn vị | E6: Nghành hàng | F6: Mã đơn vị | G6: 1 | J6: 2 | M6: 3 | P6: 4 | S6: 5 | V6: 6 | Y6: 7 | AB6: 8 | AE6: 9 | AH6: 10 | AK6: 11 | AN6: 12 | AQ6: 13 | AT6: 14 | AW6: 15 | AZ6: 16 | BC6: 17 | BF6: 18 | BI6: 19 | BL6: 20 | BO6: 21 | BR6: 22 | BU6: 23 | BX6: 24 | CA6: 25 | CD6: 26 | CG6: 27 | CJ6: 28 | CM6: 29 | CP6: 30 | CS6: 31 | CV6: Giờ thiếu | CW6: Tổng cộng | DB6: Quy đổi ra ngày công | DC6: Số ngày công B1 (Ngày) | DD6: Số ngày công B thường | DE6: Ghi chú | DF6: Công tính P3 | DG6: Công tính lễ
G7: Giờ bắt đầu tính tăng ca | H7: Giờ về | I7: Giờ làm thêm ngày thường | J7: Giờ bắt đầu tính tăng ca | K7: Giờ về | L7: Giờ làm thêm ngày thường | M7: Giờ bắt đầu tính tăng ca | N7: Giờ về | O7: giờ làm thêm ngày thường | P7: Giờ bắt đầu tính tăng ca | Q7: Giờ về | R7: giờ làm thêm ngày thường | S7: Giờ bắt đầu tính tăng ca | T7: Giờ về | U7: giờ làm thêm ngày thường | V7: Giờ bắt đầu tính tăng ca | W7: Giờ về | X7: giờ làm thêm ngày thường | Y7: Giờ bắt đầu tính tăng ca | Z7: Giờ về | AA7: Giờ làm thêm ngày lê | AB7: Giờ bắt đầu tính tăng ca | AC7: Giờ về | AD7: Giờ làm thêm ngày lễ | AE7: Giờ bắt đầu tính tăng ca | AF7: Giờ về | AG7: Giờ làm thêm ngày thường | AH7: Giờ bắt đầu tính tăng ca | AI7: Giờ về | AJ7: Giờ làm thêm ngày thường | AK7: Giờ bắt đầu tính tăng ca | AL7: Giờ về | AM7: Giờ làm thêm ngày thường | AN7: Giờ bắt đầu tính tăng ca | AO7: Giờ về | AP7: Giờ làm thêm ngày thường | AQ7: Giờ bắt đầu tính tăng ca | AR7: Giờ về | AS7: Giờ làm thêm ngày thường | AT7: Giờ bắt đầu tính tăng ca | AU7: Giờ về | AV7: Giờ làm thêm ngày thường | AW7: Giờ bắt đầu tính tăng ca | AX7: Giờ về | AY7: giờ làm thêm ngày thường | AZ7: Giờ bắt đầu tính tăng ca | BA7: Giờ về | BB7: Giờ làm thêm ngày thường | BC7: Giờ bắt đầu tính tăng ca | BD7: Giờ về | BE7: Giờ làm thêm ngày thường | BF7: Giờ bắt đầu tính tăng ca | BG7: Giờ về | BH7: Giờ làm thêm ngày thường | BI7: Giờ bắt đầu tính tăng ca | BJ7: Giờ về | BK7: Giờ làm thêm ngày thường | BL7: Giờ bắt đầu tính tăng ca | BM7: Giờ về | BN7: Giờ làm thêm ngày thường | BO7: Giờ bắt đầu tính tăng ca | BP7: Giờ về | BQ7: Giờ làm thêm ngày thường | BR7: Giờ bắt đầu tính tăng ca | BS7: Giờ về | BT7: Giờ làm thêm ngày thường | BU7: Giờ bắt đầu tính tăng ca | BV7: Giờ về | BW7: Giờ làm thêm ngày thường | BX7: Giờ bắt đầu tính tăng ca | BY7: Giờ về | BZ7: Giờ làm thêm ngày thường | CA7: Giờ bắt đầu tính tăng ca | CB7: Giờ về | CC7: Giờ làm thêm ngày thường | CD7: Giờ bắt đầu tính tăng ca | CE7: Giờ về | CF7: Giờ làm thêm ngày thường | CG7: Giờ bắt đầu tính tăng ca | CH7: Giờ về | CI7: Giờ làm thêm ngày thường | CJ7: Giờ bắt đầu tính tăng ca | CK7: Giờ về | CL7: Giờ làm thêm ngày thường | CM7: Giờ bắt đầu tính tăng ca | CN7: Giờ về | CO7: Giờ làm thêm ngày thường | CP7: Giờ bắt đầu tính tăng ca | CQ7: Giờ về | CR7: Giờ làm thêm ngày thường | CS7: Giờ bắt đầu tính tăng ca | CT7: Giờ về | CU7: Giờ làm thêm ngày thường | CW7: Tổng giờ làm thêm | CX7: Tổng giờ làm thêm ngày thường | CY7: Tổng giờ làm thêm ngày nghỉ thứ7+ CN | CZ7: Tổng giờ làm thêm ngày nghỉ lễ | DA7: Tổng cộng số giờ làm thêm
A8: =ROW()-7 -> 1 | B8: BL223 | C8: Hoàng Long | D8: Cửa hàng số 01 Lý Nam Đế | E8: Quầy Fresh | F8: U04 | I8: 0 | L8: 0 | O8: 0 | R8: 0 | U8: 0 | X8: 0 | AA8: 0 | AD8: 0 | AG8: 0 | AJ8: 0 | AM8: 0 | AP8: 0 | AS8: 0 | AV8: 0 | AY8: 0 | BB8: 0 | BC8: 15 | BD8: 19 | BE8: 4 | BH8: 0 | BK8: 0 | BN8: 0 | BQ8: =BP8-BO8 -> 0 | BT8: =BS8-BR8 -> 0 | BW8: =BV8-BU8 -> 0 | BZ8: =BY8-BX8 -> 0 | CC8: =CB8-CA8 -> 0 | CF8: =CE8-CD8 -> 0 | CI8: =CH8-CG8 -> 0 | CL8: =CK8-CJ8 -> 0 | CO8: =CN8-CM8 -> 0 | CR8: =CQ8-CP8 -> 0 | CU8: =CT8-CS8 -> 0 | CW8: =I8+L8+O8+R8+U8+X8+AA8+AD8+AG8+AJ8+AM8+AP8+AS8+AV8+AY8+BB8+BE8+BH8+BK8+BN8+BQ8+BT8+BW8+BZ8+CC8+CF8+CI8+CL8+CO8+CR8+CU8-CV8 -> 4 | CZ8: =(CW8-CX8-CY8) -> 4 | DA8: =CX8+CY8+(CZ8) -> 4 | DB8: =DA8/8 -> 0.5 | DD8: =DB8-DC8 -> 0.5 | DE8: Hỗ trợ ST Phố Nối | DF8: =CW8/8 -> 0.5 | DG8: =CZ8/8 -> 0.5
A9: =ROW()-7 -> 2 | C9: =IF($B9="","",VLOOKUP($B9,#REF!,2,0)) | D9: =IF($B9="","",VLOOKUP($B9,#REF!,4,0)) | I9: =H9-G9 -> 0 | L9: 0 | O9: 0 | R9: 0 | U9: 0 | X9: 0 | AA9: 0 | AD9: 0 | AG9: 0 | AJ9: 0 | AM9: 0 | AP9: 0 | AS9: 0 | AV9: 0 | AY9: 0 | BB9: 0 | BE9: 0 | BH9: 0 | BK9: 0 | BN9: 0 | BQ9: =BP9-BO9 -> 0 | BT9: =BS9-BR9 -> 0 | BW9: =BV9-BU9 -> 0 | BZ9: =BY9-BX9 -> 0 | CC9: =CB9-CA9 -> 0 | CF9: =CE9-CD9 -> 0 | CI9: =CH9-CG9 -> 0 | CL9: =CK9-CJ9 -> 0 | CO9: =CN9-CM9 -> 0 | CR9: =CQ9-CP9 -> 0 | CU9: =CT9-CS9 -> 0 | CW9: =I9+L9+O9+R9+U9+X9+AA9+AD9+AG9+AJ9+AM9+AP9+AS9+AV9+AY9+BB9+BE9+BH9+BK9+BN9+BQ9+BT9+BW9+BZ9+CC9+CF9+CI9+CL9+CO9+CR9+CU9-CV9 -> 0 | CZ9: =(CW9-CX9-CY9) -> 0 | DA9: =CX9+CY9+(CZ9) -> 0 | DB9: =DA9/8 -> 0 | DD9: =DB9-DC9 -> 0 | DF9: =CW9/8 -> 0 | DG9: =CZ9/8 -> 0
A10: =ROW()-7 -> 3 | C10: =IF($B10="","",VLOOKUP($B10,#REF!,2,0)) | D10: =IF($B10="","",VLOOKUP($B10,#REF!,4,0)) | I10: 0 | L10: 0 | O10: 0 | R10: 0 | U10: 0 | X10: 0 | AA10: 0 | AD10: 0 | AG10: 0 | AJ10: 0 | AM10: 0 | AP10: 0 | AS10: 0 | AV10: 0 | AY10: 0 | BB10: 0 | BE10: 0 | BH10: 0 | BK10: 0 | BN10: 0 | BQ10: =BP10-BO10 -> 0 | BT10: =BS10-BR10 -> 0 | BW10: =BV10-BU10 -> 0 | BZ10: =BY10-BX10 -> 0 | CC10: =CB10-CA10 -> 0 | CF10: =CE10-CD10 -> 0 | CI10: =CH10-CG10 -> 0 | CL10: =CK10-CJ10 -> 0 | CO10: =CN10-CM10 -> 0 | CR10: =CQ10-CP10 -> 0 | CU10: =CT10-CS10 -> 0 | CW10: =I10+L10+O10+R10+U10+X10+AA10+AD10+AG10+AJ10+AM10+AP10+AS10+AV10+AY10+BB10+BE10+BH10+BK10+BN10+BQ10+BT10+BW10+BZ10+CC10+CF10+CI10+CL10+CO10+CR10+CU10-CV10 -> 0 | CZ10: =(CW10-CX10-CY10) -> 0 | DA10: =CX10+CY10+(CZ10) -> 0 | DB10: =DA10/8 -> 0 | DD10: =DB10-DC10 -> 0 | DF10: =CW10/8 -> 0 | DG10: =CZ10/8 -> 0
A11: =ROW()-7 -> 4 | C11: =IF($B11="","",VLOOKUP($B11,#REF!,2,0)) | D11: =IF($B11="","",VLOOKUP($B11,#REF!,4,0)) | I11: 0 | L11: 0 | O11: 0 | R11: 0 | U11: 0 | X11: 0 | AA11: 0 | AD11: 0 | AG11: 0 | AJ11: 0 | AM11: 0 | AP11: 0 | AS11: 0 | AV11: 0 | AY11: 0 | BB11: 0 | BE11: 0 | BH11: 0 | BK11: 0 | BN11: 0 | BQ11: =BP11-BO11 -> 0 | BT11: =BS11-BR11 -> 0 | BW11: =BV11-BU11 -> 0 | BZ11: =BY11-BX11 -> 0 | CC11: =CB11-CA11 -> 0 | CF11: =CE11-CD11 -> 0 | CI11: =CH11-CG11 -> 0 | CL11: =CK11-CJ11 -> 0 | CO11: =CN11-CM11 -> 0 | CR11: =CQ11-CP11 -> 0 | CU11: =CT11-CS11 -> 0 | CW11: =I11+L11+O11+R11+U11+X11+AA11+AD11+AG11+AJ11+AM11+AP11+AS11+AV11+AY11+BB11+BE11+BH11+BK11+BN11+BQ11+BT11+BW11+BZ11+CC11+CF11+CI11+CL11+CO11+CR11+CU11-CV11 -> 0 | CZ11: =(CW11-CX11-CY11) -> 0 | DA11: =CX11+CY11+(CZ11) -> 0 | DB11: =DA11/8 -> 0 | DD11: =DB11-DC11 -> 0 | DF11: =CW11/8 -> 0 | DG11: =CZ11/8 -> 0
A12: =ROW()-7 -> 5 | C12: =IF($B12="","",VLOOKUP($B12,#REF!,2,0)) | D12: =IF($B12="","",VLOOKUP($B12,#REF!,4,0)) | I12: 0 | L12: 0 | O12: 0 | R12: 0 | U12: 0 | X12: 0 | AA12: 0 | AD12: 0 | AG12: 0 | AJ12: 0 | AM12: 0 | AP12: 0 | AS12: 0 | AV12: 0 | AY12: 0 | BB12: 0 | BE12: 0 | BH12: 0 | BK12: 0 | BN12: 0 | BQ12: =BP12-BO12 -> 0 | BT12: =BS12-BR12 -> 0 | BW12: =BV12-BU12 -> 0 | BZ12: =BY12-BX12 -> 0 | CC12: =CB12-CA12 -> 0 | CF12: =CE12-CD12 -> 0 | CI12: =CH12-CG12 -> 0 | CL12: =CK12-CJ12 -> 0 | CO12: =CN12-CM12 -> 0 | CR12: =CQ12-CP12 -> 0 | CU12: =CT12-CS12 -> 0 | CW12: =I12+L12+O12+R12+U12+X12+AA12+AD12+AG12+AJ12+AM12+AP12+AS12+AV12+AY12+BB12+BE12+BH12+BK12+BN12+BQ12+BT12+BW12+BZ12+CC12+CF12+CI12+CL12+CO12+CR12+CU12-CV12 -> 0 | CZ12: =(CW12-CX12-CY12) -> 0 | DA12: =CX12+CY12+(CZ12) -> 0 | DB12: =DA12/8 -> 0 | DD12: =DB12-DC12 -> 0 | DF12: =CW12/8 -> 0 | DG12: =CZ12/8 -> 0
AJ13: =AI13-AH13 -> 0 | CC13: =CB13-CA13 -> 0
C14: TỔNG CỘNG | I14: =SUM(I8:I12) -> 0 | L14: =SUM(L8:L12) -> 0 | O14: =SUM(O8:O12) -> 0 | R14: =SUM(R8:R12) -> 0 | U14: =SUM(U8:U12) -> 0 | X14: =SUM(X8:X12) -> 0 | AA14: =SUM(AA8:AA12) -> 0 | AD14: =SUM(AD8:AD12) -> 0 | AG14: =SUM(AG8:AG12) -> 0 | AJ14: =SUM(AJ8:AJ12) -> 0 | AM14: =SUM(AM8:AM12) -> 0 | AP14: =SUM(AP8:AP12) -> 0 | AS14: =SUM(AS8:AS12) -> 0 | AV14: =SUM(AV8:AV12) -> 0 | AY14: =SUM(AY8:AY12) -> 0 | BB14: =SUM(BB8:BB12) -> 0 | BE14: =SUM(BE8:BE12) -> 4 | BH14: =SUM(BH8:BH12) -> 0 | BK14: =SUM(BK8:BK12) -> 0 | BN14: =SUM(BN8:BN12) -> 0 | BQ14: =SUM(BQ8:BQ12) -> 0 | BT14: =SUM(BT8:BT12) -> 0 | BW14: =SUM(BW8:BW12) -> 0 | BZ14: =SUM(BZ8:BZ12) -> 0 | CC14: =SUM(CC8:CC12) -> 0 | CF14: =SUM(CF8:CF12) -> 0 | CI14: =SUM(CI8:CI12) -> 0 | CL14: =SUM(CL8:CL12) -> 0 | CO14: =SUM(CO8:CO12) -> 0 | CR14: =SUM(CR8:CR12) -> 0 | CW14: =SUM(CW8:CW12) -> 4 | CX14: =SUM(CX8:CX12) -> 0 | CY14: =SUM(CY8:CY12) -> 0 | CZ14: =SUM(CZ8:CZ12) -> 4 | DA14: =SUM(DA8:DA12) -> 4 | DB14: =SUM(DB8:DB12) -> 0.5 | DC14: =SUM(DC8:DC12) -> 0 | DD14: =SUM(DD8:DD12) -> 0.5 | DF14: =SUM(DF8:DF12) -> 0.5 | DG14: =SUM(DG8:DG12) -> 0.5
B16: Người lập biểu | CX16: Phụ trách siêu thị

Sheet LAM THÊM KK
A1: CÔNG TY TNHH XUẤT - NHẬP KHẨU VÀ BÁN LẺ HÀNG TIÊU DÙNG HÀ NỘI
A2: ĐƠN VỊ:
I3: BẢNG TỔNG HỢP THỜI GIAN LÀM THÊM GIỜ TRONG NGÀY KIỂM KÊ THÁNG 10/2024
A5: STT | B5: Mã nhân viên | C5: Họ và tên | D5: Bộ phận | E5: Giờ phát sinh làm thêm (h) | F5: Ngày của giờ phát sinh thêm giờ | G5: Giờ kết thúc làm thêm (h) | H5: Ngày của giờ kết thúc thêm giờ | I5: Tổng giờ làm thêm | J5: Số giờ làm thêm ca đêm ( từ 22h00 đến 06h00) | K5: Số giờ làm thêm ca ngày | L5: Giờ làm thêm quy đổi ca đêm | M5: Giờ làm thêm quy đổi ca ngày | N5: Tổng giờ làm thêm quy đổi | O5: Tổng ngày làm thêm quy đỏi | P5: Ghi chú | Q5: Công tính P3
A6: I
A7: =COUNTA($A$6:A6) -> 1 | B7: BL598 | C7: =IF($B7="","",VLOOKUP($B7,#REF!,2,0)) -> #REF! | D7: =IF($B7="","",VLOOKUP($B7,#REF!,4,0)) -> #REF! | E7: 19 | F7: 45596 | G7: 6 | H7: 45597 | I7: =(24-E7+G7) -> 11 | J7: 8 | K7: =I7-J7 -> 3 | L7: =(J7*210%) -> 16.8 | M7: =(K7*150%) -> 4.5 | N7: =L7+M7 -> 21.3 | O7: =N7/8 -> 2.6625 | Q7: =I7/8 -> 1.375
A8: =COUNTA($A$6:A7) -> 2 | C8: =IF($B8="","",VLOOKUP($B8,#REF!,2,0)) | D8: =IF($B8="","",VLOOKUP($B8,#REF!,4,0)) | I8: =(24-E8+G8) -> 24 | K8: =I8-J8 -> 24 | L8: =(J8*210%) -> 0 | M8: =(K8*150%) -> 36 | N8: =L8+M8 -> 36 | O8: =N8/8 -> 4.5 | Q8: =I8/8 -> 3
A9: =COUNTA($A$6:A8) -> 3 | C9: =IF($B9="","",VLOOKUP($B9,#REF!,2,0)) | D9: =IF($B9="","",VLOOKUP($B9,#REF!,4,0)) | I9: =(24-E9+G9) -> 24 | K9: =I9-J9 -> 24 | L9: =(J9*210%) -> 0 | M9: =(K9*150%) -> 36 | N9: =L9+M9 -> 36 | O9: =N9/8 -> 4.5 | Q9: =I9/8 -> 3
A10: =COUNTA($A$6:A9) -> 4 | C10: =IF($B10="","",VLOOKUP($B10,#REF!,2,0)) | D10: =IF($B10="","",VLOOKUP($B10,#REF!,4,0)) | I10: =(24-E10+G10) -> 24 | K10: =I10-J10 -> 24 | L10: =(J10*210%) -> 0 | M10: =(K10*150%) -> 36 | N10: =L10+M10 -> 36 | O10: =N10/8 -> 4.5 | Q10: =I10/8 -> 3
A11: =COUNTA($A$6:A10) -> 5 | C11: =IF($B11="","",VLOOKUP($B11,#REF!,2,0)) | D11: =IF($B11="","",VLOOKUP($B11,#REF!,4,0)) | I11: =(24-E11+G11) -> 24 | K11: =I11-J11 -> 24 | L11: =(J11*210%) -> 0 | M11: =(K11*150%) -> 36 | N11: =L11+M11 -> 36 | O11: =N11/8 -> 4.5 | Q11: =I11/8 -> 3
A12: =COUNTA($A$6:A11) -> 6 | C12: =IF($B12="","",VLOOKUP($B12,#REF!,2,0)) | D12: =IF($B12="","",VLOOKUP($B12,#REF!,4,0)) | I12: =(24-E12+G12) -> 24 | K12: =I12-J12 -> 24 | L12: =(J12*210%) -> 0 | M12: =(K12*150%) -> 36 | N12: =L12+M12 -> 36 | O12: =N12/8 -> 4.5 | Q12: =I12/8 -> 3
A13: =COUNTA($A$6:A12) -> 7 | C13: =IF($B13="","",VLOOKUP($B13,#REF!,2,0)) | D13: =IF($B13="","",VLOOKUP($B13,#REF!,4,0)) | I13: =(24-E13+G13) -> 24 | K13: =I13-J13 -> 24 | L13: =(J13*210%) -> 0 | M13: =(K13*150%) -> 36 | N13: =L13+M13 -> 36 | O13: =N13/8 -> 4.5 | Q13: =I13/8 -> 3
A14: =COUNTA($A$6:A13) -> 8 | C14: =IF($B14="","",VLOOKUP($B14,#REF!,2,0)) | D14: =IF($B14="","",VLOOKUP($B14,#REF!,4,0)) | I14: =(24-E14+G14) -> 24 | K14: =I14-J14 -> 24 | L14: =(J14*210%) -> 0 | M14: =(K14*150%) -> 36 | N14: =L14+M14 -> 36 | O14: =N14/8 -> 4.5 | Q14: =I14/8 -> 3
A15: =COUNTA($A$6:A14) -> 9 | C15: =IF($B15="","",VLOOKUP($B15,#REF!,2,0)) | D15: =IF($B15="","",VLOOKUP($B15,#REF!,4,0)) | I15: =(24-E15+G15) -> 24 | K15: =I15-J15 -> 24 | L15: =(J15*210%) -> 0 | M15: =(K15*150%) -> 36 | N15: =L15+M15 -> 36 | O15: =N15/8 -> 4.5 | Q15: =I15/8 -> 3
A16: =COUNTA($A$6:A15) -> 10 | C16: =IF($B16="","",VLOOKUP($B16,#REF!,2,0)) | D16: =IF($B16="","",VLOOKUP($B16,#REF!,4,0)) | I16: =(24-E16+G16) -> 24 | K16: =I16-J16 -> 24 | L16: =(J16*210%) -> 0 | M16: =(K16*150%) -> 36 | N16: =L16+M16 -> 36 | O16: =N16/8 -> 4.5 | Q16: =I16/8 -> 3
A17: =COUNTA($A$6:A16) -> 11 | C17: =IF($B17="","",VLOOKUP($B17,#REF!,2,0)) | D17: =IF($B17="","",VLOOKUP($B17,#REF!,4,0)) | I17: =(24-E17+G17) -> 24 | K17: =I17-J17 -> 24 | L17: =(J17*210%) -> 0 | M17: =(K17*150%) -> 36 | N17: =L17+M17 -> 36 | O17: =N17/8 -> 4.5 | Q17: =I17/8 -> 3
A18: =COUNTA($A$6:A17) -> 12 | C18: =IF($B18="","",VLOOKUP($B18,#REF!,2,0)) | D18: =IF($B18="","",VLOOKUP($B18,#REF!,4,0)) | I18: =(24-E18+G18) -> 24 | K18: =I18-J18 -> 24 | L18: =(J18*210%) -> 0 | M18: =(K18*150%) -> 36 | N18: =L18+M18 -> 36 | O18: =N18/8 -> 4.5 | Q18: =I18/8 -> 3
A19: =COUNTA($A$6:A18) -> 13 | C19: =IF($B19="","",VLOOKUP($B19,#REF!,2,0)) | D19: =IF($B19="","",VLOOKUP($B19,#REF!,4,0)) | I19: =(24-E19+G19) -> 24 | K19: =I19-J19 -> 24 | L19: =(J19*210%) -> 0 | M19: =(K19*150%) -> 36 | N19: =L19+M19 -> 36 | O19: =N19/8 -> 4.5 | Q19: =I19/8 -> 3
... A66: =COUNTA($A$6:A65) -> 60 | C66: =IF($B66="","",VLOOKUP($B66,#REF!,2,0)) | D66: =IF($B66="","",VLOOKUP($B66,#REF!,4,0)) | I66: =(24-E66+G66) -> 24 | K66: =I66-J66 -> 24 | L66: =(J66*210%) -> 0 | M66: =(K66*150%) -> 36 | N66: =L66+M66 -> 36 | O66: =N66/8 -> 4.5 | Q66: =I66/8 -> 3
C67: Tổng Cộng Siêu thị | I67: =SUM(I7:I55) -> 1163 | J67: =SUM(J7:J55) -> 8 | K67: =SUM(K7:K55) -> 1155 | L67: =SUM(L7:L55) -> 16.8 | M67: =SUM(M7:M55) -> 1732.5 | N67: =SUM(N7:N55) -> 1749.3 | O67: =SUM(O7:O55) -> 218.6625
B68: DANH SÁCH CBCNV CÔNG TY HỖ TRỢ
A69: =COUNTA($A$6:A68) -> 61 | C69: =IF($B69="","",VLOOKUP($B69,#REF!,2,0)) | D69: =IF($B69="","",VLOOKUP($B69,#REF!,4,0)) | G69: 8 | I69: =+(24-E69+G69) -> 32 | K69: =I69-J69 -> 32 | L69: =(J69*210%) -> 0 | M69: =(K69*150%) -> 48 | N69: =L69+M69 -> 48 | O69: =N69/8 -> 6 | Q69: =I69/8 -> 4
A70: =COUNTA($A$6:A69) -> 62 | C70: =IF($B70="","",VLOOKUP($B70,#REF!,2,0)) | D70: =IF($B70="","",VLOOKUP($B70,#REF!,4,0)) | G70: 8 | I70: =+(24-E70+G70) -> 32 | K70: =I70-J70 -> 32 | L70: =(J70*210%) -> 0 | M70: =(K70*150%) -> 48 | N70: =L70+M70 -> 48 | O70: =N70/8 -> 6 | Q70: =I70/8 -> 4
A71: =COUNTA($A$6:A70) -> 63 | C71: =IF($B71="","",VLOOKUP($B71,#REF!,2,0)) | D71: =IF($B71="","",VLOOKUP($B71,#REF!,4,0)) | G71: 8 | I71: =+(24-E71+G71) -> 32 | K71: =I71-J71 -> 32 | L71: =(J71*210%) -> 0 | M71: =(K71*150%) -> 48 | N71: =L71+M71 -> 48 | O71: =N71/8 -> 6 | Q71: =I71/8 -> 4
A72: =COUNTA($A$6:A71) -> 64 | C72: =IF($B72="","",VLOOKUP($B72,#REF!,2,0)) | D72: =IF($B72="","",VLOOKUP($B72,#REF!,4,0)) | G72: 8 | I72: =+(24-E72+G72) -> 32 | K72: =I72-J72 -> 32 | L72: =(J72*210%) -> 0 | M72: =(K72*150%) -> 48 | N72: =L72+M72 -> 48 | O72: =N72/8 -> 6 | Q72: =I72/8 -> 4
A73: =COUNTA($A$6:A72) -> 65 | C73: =IF($B73="","",VLOOKUP($B73,#REF!,2,0)) | D73: =IF($B73="","",VLOOKUP($B73,#REF!,4,0)) | G73: 8 | I73: =+(24-E73+G73) -> 32 | K73: =I73-J73 -> 32 | L73: =(J73*210%) -> 0 | M73: =(K73*150%) -> 48 | N73: =L73+M73 -> 48 | O73: =N73/8 -> 6 | Q73: =I73/8 -> 4
A74: =COUNTA($A$6:A73) -> 66 | C74: =IF($B74="","",VLOOKUP($B74,#REF!,2,0)) | D74: =IF($B74="","",VLOOKUP($B74,#REF!,4,0)) | G74: 8 | I74: =+(24-E74+G74) -> 32 | K74: =I74-J74 -> 32 | L74: =(J74*210%) -> 0 | M74: =(K74*150%) -> 48 | N74: =L74+M74 -> 48 | O74: =N74/8 -> 6 | Q74: =I74/8 -> 4
A75: =COUNTA($A$6:A74) -> 67 | C75: =IF($B75="","",VLOOKUP($B75,#REF!,2,0)) | D75: =IF($B75="","",VLOOKUP($B75,#REF!,4,0)) | G75: 8 | I75: =+(24-E75+G75) -> 32 | K75: =I75-J75 -> 32 | L75: =(J75*210%) -> 0 | M75: =(K75*150%) -> 48 | N75: =L75+M75 -> 48 | O75: =N75/8 -> 6 | Q75: =I75/8 -> 4
A76: =COUNTA($A$6:A75) -> 68 | C76: =IF($B76="","",VLOOKUP($B76,#REF!,2,0)) | D76: =IF($B76="","",VLOOKUP($B76,#REF!,4,0)) | G76: 8.5 | I76: =+(24-E76+G76) -> 32.5 | K76: =I76-J76 -> 32.5 | L76: =(J76*210%) -> 0 | M76: =(K76*150%) -> 48.75 | N76: =L76+M76 -> 48.75 | O76: =N76/8 -> 6.09375 | Q76: =I76/8 -> 4.0625
A77: =COUNTA($A$6:A76) -> 69 | C77: =IF($B77="","",VLOOKUP($B77,#REF!,2,0)) | D77: =IF($B77="","",VLOOKUP($B77,#REF!,4,0)) | G77: 8.5 | I77: =+(24-E77+G77) -> 32.5 | K77: =I77-J77 -> 32.5 | L77: =(J77*210%) -> 0 | M77: =(K77*150%) -> 48.75 | N77: =L77+M77 -> 48.75 | O77: =N77/8 -> 6.09375 | Q77: =I77/8 -> 4.0625
A78: =COUNTA($A$6:A77) -> 70 | C78: =IF($B78="","",VLOOKUP($B78,#REF!,2,0)) | D78: =IF($B78="","",VLOOKUP($B78,#REF!,4,0)) | G78: 8.5 | I78: =+(24-E78+G78) -> 32.5 | K78: =I78-J78 -> 32.5 | L78: =(J78*210%) -> 0 | M78: =(K78*150%) -> 48.75 | N78: =L78+M78 -> 48.75 | O78: =N78/8 -> 6.09375 | Q78: =I78/8 -> 4.0625
A79: =COUNTA($A$6:A78) -> 71 | C79: =IF($B79="","",VLOOKUP($B79,#REF!,2,0)) | D79: =IF($B79="","",VLOOKUP($B79,#REF!,4,0)) | G79: 8.5 | I79: =+(24-E79+G79) -> 32.5 | K79: =I79-J79 -> 32.5 | L79: =(J79*210%) -> 0 | M79: =(K79*150%) -> 48.75 | N79: =L79+M79 -> 48.75 | O79: =N79/8 -> 6.09375 | Q79: =I79/8 -> 4.0625
A80: =COUNTA($A$6:A79) -> 72 | C80: =IF($B80="","",VLOOKUP($B80,#REF!,2,0)) | D80: =IF($B80="","",VLOOKUP($B80,#REF!,4,0)) | G80: 8.5 | I80: =+(24-E80+G80) -> 32.5 | K80: =I80-J80 -> 32.5 | L80: =(J80*210%) -> 0 | M80: =(K80*150%) -> 48.75 | N80: =L80+M80 -> 48.75 | O80: =N80/8 -> 6.09375 | Q80: =I80/8 -> 4.0625
... A106: =COUNTA($A$6:A105) -> 98 | C106: =IF($B106="","",VLOOKUP($B106,#REF!,2,0)) | D106: =IF($B106="","",VLOOKUP($B106,#REF!,4,0)) | G106: 7 | I106: =+(24-E106+G106) -> 31 | K106: =I106-J106 -> 31 | L106: =(J106*210%) -> 0 | M106: =(K106*150%) -> 46.5 | N106: =L106+M106 -> 46.5 | O106: =N106/8 -> 5.8125 | Q106: =I106/8 -> 3.875

Sheet Phieu dang ky lam them gio
U2: BM-03
A3: BẢNG ĐĂNG KÝ LÀM THÊM GIỜ
A4: Tháng năm 2023
A5: Phòng/Đơn vị:
A7: Thứ | B7: Mã nv | C7: Họ tên | D7: Ngày tháng | E7: Giờ chấm công thực tế | G7: Giờ làm thêm | I7: Loại hình | J7: Số giờ làm thêm | Q7: Thêm giờ | S7: Ca đêm | U7: Công việc yêu cầu/phát sinh làm thêm | V7: Ghi chú
E8: Từ giờ | F8: Đến giờ | G8: Từ giờ | H8: Đến giờ | J8: Số giờ thực tế | K8: Ngày bình thường | M8: Ngày nghỉ hàng tuần | O8: Ngày nghỉ lễ, tết | Q8: Giờ bù | R8: Qui ra ngày | S8: Giờ bù | T8: Công làm đêm - chấm công
K9: 06AM- 22PM- | L9: 22PM-06AM | M9: 06AM- 22PM- | N9: 22PM-06AM | O9: 06AM- 22PM- | P9: 22PM-06AM
A10: =+IF(WEEKDAY(D10,1)=1,"CN","T"&WEEKDAY(D10,1)) -> T5 | B10: BL2078 | C10: =IFERROR(VLOOKUP(B10,#REF!,2,0),"") | D10: 45204 | E10: =IFERROR(INDEX(#REF!,MATCH('Phieu dang ky lam them gio'!W10,#REF!,0),1),"") | F10: =IFERROR(INDEX(#REF!,MATCH(W10,#REF!,0),1),"") | J10: =24-G10+H10 -> 24 | Q10: =+IF(I10<>"Ca đêm",K10*1.5+L10*2.1+M10*2+N10*2.7+O10*3+P10*3.9,0) -> 0 | R10: =+ROUND(Q10/9,5) -> 0 | S10: =+ROUND(IF(I10="Ca đêm",L10*30%+N10*160%,0),2) -> 0 | T10: =+ROUND(IF(I10="Ca đêm",J10/8,0),2) -> 0 | W10: =B10&D10 -> BL207845204
A11: =+IF(WEEKDAY(D11,1)=1,"CN","T"&WEEKDAY(D11,1)) -> T7 | C11: =IFERROR(VLOOKUP(B11,#REF!,2,0),"") | E11: =IFERROR(INDEX(#REF!,MATCH('Phieu dang ky lam them gio'!W11,#REF!,0),1),"") | F11: =IFERROR(INDEX(#REF!,MATCH(W11,#REF!,0),1),"") | J11: =24-G11+H11 -> 24 | Q11: =+IF(I11<>"Ca đêm",K11*1.5+L11*2.1+M11*2+N11*2.7+O11*3+P11*3.9,0) -> 0 | R11: =+ROUND(Q11/9,5) -> 0 | S11: =+ROUND(IF(I11="Ca đêm",L11*30%+N11*160%,0),2) -> 0 | T11: =+ROUND(IF(I11="Ca đêm",J11/8,0),2) -> 0 | W11: =B11&D11
A12: =+IF(WEEKDAY(D12,1)=1,"CN","T"&WEEKDAY(D12,1)) -> T7 | C12: =IFERROR(VLOOKUP(B12,#REF!,2,0),"") | E12: =IFERROR(INDEX(#REF!,MATCH('Phieu dang ky lam them gio'!W12,#REF!,0),1),"") | F12: =IFERROR(INDEX(#REF!,MATCH(W12,#REF!,0),1),"") | J12: =24-G12+H12 -> 24 | Q12: =+IF(I12<>"Ca đêm",K12*1.5+L12*2.1+M12*2+N12*2.7+O12*3+P12*3.9,0) -> 0 | R12: =+ROUND(Q12/9,5) -> 0 | S12: =+ROUND(IF(I12="Ca đêm",L12*30%+N12*160%,0),2) -> 0 | T12: =+ROUND(IF(I12="Ca đêm",J12/8,0),2) -> 0 | W12: =B12&D12
A13: =+IF(WEEKDAY(D13,1)=1,"CN","T"&WEEKDAY(D13,1)) -> T7 | C13: =IFERROR(VLOOKUP(B13,#REF!,2,0),"") | E13: =IFERROR(INDEX(#REF!,MATCH('Phieu dang ky lam them gio'!W13,#REF!,0),1),"") | F13: =IFERROR(INDEX(#REF!,MATCH(W13,#REF!,0),1),"") | J13: =24-G13+H13 -> 24 | Q13: =+IF(I13<>"Ca đêm",K13*1.5+L13*2.1+M13*2+N13*2.7+O13*3+P13*3.9,0) -> 0 | R13: =+ROUND(Q13/9,5) -> 0 | S13: =+ROUND(IF(I13="Ca đêm",L13*30%+N13*160%,0),2) -> 0 | T13: =+ROUND(IF(I13="Ca đêm",J13/8,0),2) -> 0 | W13: =B13&D13
A14: =+IF(WEEKDAY(D14,1)=1,"CN","T"&WEEKDAY(D14,1)) -> T7 | C14: =IFERROR(VLOOKUP(B14,#REF!,2,0),"") | E14: =IFERROR(INDEX(#REF!,MATCH('Phieu dang ky lam them gio'!W14,#REF!,0),1),"") | F14: =IFERROR(INDEX(#REF!,MATCH(W14,#REF!,0),1),"") | J14: =24-G14+H14 -> 24 | Q14: =+IF(I14<>"Ca đêm",K14*1.5+L14*2.1+M14*2+N14*2.7+O14*3+P14*3.9,0) -> 0 | R14: =+ROUND(Q14/9,5) -> 0 | S14: =+ROUND(IF(I14="Ca đêm",L14*30%+N14*160%,0),2) -> 0 | T14: =+ROUND(IF(I14="Ca đêm",J14/8,0),2) -> 0 | W14: =B14&D14
A15: =+IF(WEEKDAY(D15,1)=1,"CN","T"&WEEKDAY(D15,1)) -> T7 | C15: =IFERROR(VLOOKUP(B15,#REF!,2,0),"") | E15: =IFERROR(INDEX(#REF!,MATCH('Phieu dang ky lam them gio'!W15,#REF!,0),1),"") | F15: =IFERROR(INDEX(#REF!,MATCH(W15,#REF!,0),1),"") | J15: =24-G15+H15 -> 24 | Q15: =+IF(I15<>"Ca đêm",K15*1.5+L15*2.1+M15*2+N15*2.7+O15*3+P15*3.9,0) -> 0 | R15: =+ROUND(Q15/9,5) -> 0 | S15: =+ROUND(IF(I15="Ca đêm",L15*30%+N15*160%,0),2) -> 0 | T15: =+ROUND(IF(I15="Ca đêm",J15/8,0),2) -> 0 | W15: =B15&D15
A16: =+IF(WEEKDAY(D16,1)=1,"CN","T"&WEEKDAY(D16,1)) -> T7 | C16: =IFERROR(VLOOKUP(B16,#REF!,2,0),"") | E16: =IFERROR(INDEX(#REF!,MATCH('Phieu dang ky lam them gio'!W16,#REF!,0),1),"") | F16: =IFERROR(INDEX(#REF!,MATCH(W16,#REF!,0),1),"") | J16: =24-G16+H16 -> 24 | Q16: =+IF(I16<>"Ca đêm",K16*1.5+L16*2.1+M16*2+N16*2.7+O16*3+P16*3.9,0) -> 0 | R16: =+ROUND(Q16/9,5) -> 0 | S16: =+ROUND(IF(I16="Ca đêm",L16*30%+N16*160%,0),2) -> 0 | T16: =+ROUND(IF(I16="Ca đêm",J16/8,0),2) -> 0 | W16: =B16&D16
A17: =+IF(WEEKDAY(D17,1)=1,"CN","T"&WEEKDAY(D17,1)) -> T7 | C17: =IFERROR(VLOOKUP(B17,#REF!,2,0),"") | E17: =IFERROR(INDEX(#REF!,MATCH('Phieu dang ky lam them gio'!W17,#REF!,0),1),"") | F17: =IFERROR(INDEX(#REF!,MATCH(W17,#REF!,0),1),"") | J17: =24-G17+H17 -> 24 | Q17: =+IF(I17<>"Ca đêm",K17*1.5+L17*2.1+M17*2+N17*2.7+O17*3+P17*3.9,0) -> 0 | R17: =+ROUND(Q17/9,5) -> 0 | S17: =+ROUND(IF(I17="Ca đêm",L17*30%+N17*160%,0),2) -> 0 | T17: =+ROUND(IF(I17="Ca đêm",J17/8,0),2) -> 0 | W17: =B17&D17
A18: =+IF(WEEKDAY(D18,1)=1,"CN","T"&WEEKDAY(D18,1)) -> T7 | C18: =IFERROR(VLOOKUP(B18,#REF!,2,0),"") | E18: =IFERROR(INDEX(#REF!,MATCH('Phieu dang ky lam them gio'!W18,#REF!,0),1),"") | F18: =IFERROR(INDEX(#REF!,MATCH(W18,#REF!,0),1),"") | J18: =24-G18+H18 -> 24 | Q18: =+IF(I18<>"Ca đêm",K18*1.5+L18*2.1+M18*2+N18*2.7+O18*3+P18*3.9,0) -> 0 | R18: =+ROUND(Q18/9,5) -> 0 | S18: =+ROUND(IF(I18="Ca đêm",L18*30%+N18*160%,0),2) -> 0 | T18: =+ROUND(IF(I18="Ca đêm",J18/8,0),2) -> 0 | W18: =B18&D18
A19: =+IF(WEEKDAY(D19,1)=1,"CN","T"&WEEKDAY(D19,1)) -> T7 | C19: =IFERROR(VLOOKUP(B19,#REF!,2,0),"") | E19: =IFERROR(INDEX(#REF!,MATCH('Phieu dang ky lam them gio'!W19,#REF!,0),1),"") | F19: =IFERROR(INDEX(#REF!,MATCH(W19,#REF!,0),1),"") | J19: =24-G19+H19 -> 24 | Q19: =+IF(I19<>"Ca đêm",K19*1.5+L19*2.1+M19*2+N19*2.7+O19*3+P19*3.9,0) -> 0 | R19: =+ROUND(Q19/9,5) -> 0 | S19: =+ROUND(IF(I19="Ca đêm",L19*30%+N19*160%,0),2) -> 0 | T19: =+ROUND(IF(I19="Ca đêm",J19/8,0),2) -> 0 | W19: =B19&D19
A20: =+IF(WEEKDAY(D20,1)=1,"CN","T"&WEEKDAY(D20,1)) -> T7 | C20: =IFERROR(VLOOKUP(B20,#REF!,2,0),"") | E20: =IFERROR(INDEX(#REF!,MATCH('Phieu dang ky lam them gio'!W20,#REF!,0),1),"") | F20: =IFERROR(INDEX(#REF!,MATCH(W20,#REF!,0),1),"") | J20: =24-G20+H20 -> 24 | Q20: =+IF(I20<>"Ca đêm",K20*1.5+L20*2.1+M20*2+N20*2.7+O20*3+P20*3.9,0) -> 0 | R20: =+ROUND(Q20/9,5) -> 0 | S20: =+ROUND(IF(I20="Ca đêm",L20*30%+N20*160%,0),2) -> 0 | T20: =+ROUND(IF(I20="Ca đêm",J20/8,0),2) -> 0 | W20: =B20&D20
A21: =+IF(WEEKDAY(D21,1)=1,"CN","T"&WEEKDAY(D21,1)) -> T7 | C21: =IFERROR(VLOOKUP(B21,#REF!,2,0),"") | E21: =IFERROR(INDEX(#REF!,MATCH('Phieu dang ky lam them gio'!W21,#REF!,0),1),"") | F21: =IFERROR(INDEX(#REF!,MATCH(W21,#REF!,0),1),"") | J21: =24-G21+H21 -> 24 | Q21: =+IF(I21<>"Ca đêm",K21*1.5+L21*2.1+M21*2+N21*2.7+O21*3+P21*3.9,0) -> 0 | R21: =+ROUND(Q21/9,5) -> 0 | S21: =+ROUND(IF(I21="Ca đêm",L21*30%+N21*160%,0),2) -> 0 | T21: =+ROUND(IF(I21="Ca đêm",J21/8,0),2) -> 0 | W21: =B21&D21
A22: =+IF(WEEKDAY(D22,1)=1,"CN","T"&WEEKDAY(D22,1)) -> T7 | C22: =IFERROR(VLOOKUP(B22,#REF!,2,0),"") | E22: =IFERROR(INDEX(#REF!,MATCH('Phieu dang ky lam them gio'!W22,#REF!,0),1),"") | F22: =IFERROR(INDEX(#REF!,MATCH(W22,#REF!,0),1),"") | J22: =24-G22+H22 -> 24 | Q22: =+IF(I22<>"Ca đêm",K22*1.5+L22*2.1+M22*2+N22*2.7+O22*3+P22*3.9,0) -> 0 | R22: =+ROUND(Q22/9,5) -> 0 | S22: =+ROUND(IF(I22="Ca đêm",L22*30%+N22*160%,0),2) -> 0 | T22: =+ROUND(IF(I22="Ca đêm",J22/8,0),2) -> 0 | W22: =B22&D22
... A49: =+IF(WEEKDAY(D49,1)=1,"CN","T"&WEEKDAY(D49,1)) -> T7 | C49: =IFERROR(VLOOKUP(B49,#REF!,2,0),"") | E49: =IFERROR(INDEX(#REF!,MATCH('Phieu dang ky lam them gio'!W49,#REF!,0),1),"") | F49: =IFERROR(INDEX(#REF!,MATCH(W49,#REF!,0),1),"") | J49: =24-G49+H49 -> 24 | Q49: =+IF(I49<>"Ca đêm",K49*1.5+L49*2.1+M49*2+N49*2.7+O49*3+P49*3.9,0) -> 0 | R49: =+ROUND(Q49/9,5) -> 0 | S49: =+ROUND(IF(I49="Ca đêm",L49*30%+N49*160%,0),2) -> 0 | T49: =+ROUND(IF(I49="Ca đêm",J49/8,0),2) -> 0 | W49: =B49&D49
A50: =+IF(WEEKDAY(D50,1)=1,"CN","T"&WEEKDAY(D50,1)) -> T7 | C50: =IFERROR(VLOOKUP(B50,#REF!,2,0),"") | E50: =IFERROR(INDEX(#REF!,MATCH('Phieu dang ky lam them gio'!W50,#REF!,0),1),"") | F50: =IFERROR(INDEX(#REF!,MATCH(W50,#REF!,0),1),"") | J50: =24-G50+H50 -> 24 | Q50: =+IF(I50<>"Ca đêm",K50*1.5+L50*2.1+M50*2+N50*2.7+O50*3+P50*3.9,0) -> 0 | R50: =+ROUND(Q50/9,5) -> 0 | S50: =+ROUND(IF(I50="Ca đêm",L50*30%,0),2) -> 0 | T50: =+ROUND(IF(I50="Ca đêm",J50/8,0),2) -> 0 | W50: =B50&D50
A51: =+IF(WEEKDAY(D51,1)=1,"CN","T"&WEEKDAY(D51,1)) -> T7 | C51: =IFERROR(VLOOKUP(B51,#REF!,2,0),"") | E51: =IFERROR(INDEX(#REF!,MATCH('Phieu dang ky lam them gio'!W51,#REF!,0),1),"") | F51: =IFERROR(INDEX(#REF!,MATCH(W51,#REF!,0),1),"") | J51: =24-G51+H51 -> 24 | Q51: =+IF(I51<>"Ca đêm",K51*1.5+L51*2.1+M51*2+N51*2.7+O51*3+P51*3.9,0) -> 0 | R51: =+ROUND(Q51/9,5) -> 0 | S51: =+ROUND(IF(I51="Ca đêm",L51*30%,0),2) -> 0 | T51: =+ROUND(IF(I51="Ca đêm",J51/8,0),2) -> 0 | W51: =B51&D51
A52: Tổng cộng: | E52: =IFERROR(INDEX(#REF!,MATCH('Phieu dang ky lam them gio'!W52,#REF!,0),1),"") | F52: =IFERROR(INDEX(#REF!,MATCH(W52,#REF!,0),1),"") | J52: =+SUM(J49:J51) -> 72 | K52: =+SUM(K49:K51) -> 0 | L52: =+SUM(L49:L51) -> 0 | M52: =+SUM(M49:M51) -> 0 | N52: =+SUM(N49:N51) -> 0 | O52: =+SUM(O49:O51) -> 0 | P52: =+SUM(P49:P51) -> 0 | Q52: =+SUM(Q10:Q51) -> 0 | R52: =+ROUND(Q52/9,5) -> 0 | S52: =+SUM(S10:S51) -> 0 | T52: =+SUM(T10:T51) -> 0
E53: =IFERROR(INDEX(#REF!,MATCH('Phieu dang ky lam them gio'!W53,#REF!,0),1),"") | F53: =IFERROR(INDEX(#REF!,MATCH(W53,#REF!,0),1),"") | Q53: =Q52/8.5 -> 0
A54: Ghi chú: Từ 01 đến 30 phút đầu tiên không tính; Trong vòng mỗi 30 phút tiếp theo, tính tròn thành 1/2 giờ. | E54: =IFERROR(INDEX(#REF!,MATCH('Phieu dang ky lam them gio'!W54,#REF!,0),1),"") | F54: =IFERROR(INDEX(#REF!,MATCH(W54,#REF!,0),1),"")
A56: NGƯỜI LẬP | H56: QUẢN LÝ TRỰC TIẾP | O56: PHÒNG NHÂN SỰ | U56: TỔNG GIÁM ĐỐC

Sheet Chân ký
A1: TRƯỞNG ĐƠN VỊ | B1: BAN VẬN HÀNH ST/CH | C1: PHÒNG NHÂN SỰ
